id,memory,network,disk,average,app_name,server_id,server_cost
1,10.35%,49.10%,19.92%,30.03%,APIGateway,1,$500 
2,51.86%,8.54%,31.28%,45.58%,APIGateway,2,$500 
3,88.53%,47.09%,43.67%,62.82%,APIGateway,3,$500 
4,78.87%,83.41%,14.00%,65.67%,APIGateway,4,$500 
5,21.08%,78.92%,49.37%,52.02%,APIGateway,5,$500 
6,73.55%,17.02%,83.53%,51.04%,APIGateway,6,$500 
7,65.79%,37.20%,86.59%,67.87%,APIGateway,7,$500 
8,33.92%,6.45%,75.40%,44.37%,APIGateway,8,$500 
9,83.61%,14.65%,11.42%,29.16%,APIGateway,9,$500 
10,12.31%,69.18%,84.02%,53.10%,APIGateway,10,$500 
11,27.07%,3.80%,59.36%,28.70%,APIGateway,11,$500 
12,67.41%,43.39%,62.35%,45.79%,APIGateway,12,$500 
13,9.19%,68.74%,4.85%,25.04%,APIGateway,13,$500 
14,85.68%,92.05%,68.34%,72.23%,APIGateway,14,$500 
15,55.11%,38.39%,64.76%,64.23%,APIGateway,15,$500 
16,79.48%,28.04%,39.27%,52.47%,APIGateway,16,$500 
17,97.83%,28.14%,21.08%,56.16%,APIGateway,17,$500 
18,19.33%,90.57%,36.72%,58.18%,APIGateway,18,$500 
19,36.65%,37.62%,96.14%,57.93%,APIGateway,19,$500 
20,54.61%,30.89%,87.63%,61.26%,APIGateway,20,$500 
21,3.82%,41.09%,68.57%,44.46%,APIGateway,21,$500 
22,69.41%,85.64%,38.70%,69.71%,APIGateway,22,$500 
23,0.82%,56.11%,29.60%,34.65%,APIGateway,23,$500 
24,35.63%,33.73%,91.80%,56.77%,APIGateway,24,$500 
25,26.87%,16.93%,82.87%,45.86%,APIGateway,25,$500 
26,26.41%,83.78%,94.59%,62.33%,APIGateway,26,$500 
27,31.26%,37.09%,96.23%,64.47%,APIGateway,27,$500 
28,71.35%,45.62%,65.57%,56.04%,APIGateway,28,$500 
29,60.27%,66.12%,40.77%,44.43%,APIGateway,29,$500 
30,42.40%,57.33%,25.33%,46.64%,APIGateway,30,$500 
31,51.16%,42.29%,6.13%,31.35%,APIGateway,31,$500 
32,75.11%,98.80%,47.93%,66.24%,APIGateway,32,$500 
33,15.65%,89.15%,60.88%,57.45%,APIGateway,33,$500 
34,7.43%,20.37%,17.09%,29.59%,APIGateway,34,$500 
35,50.94%,36.59%,28.51%,31.76%,APIGateway,35,$500 
36,34.91%,64.17%,60.47%,47.59%,APIGateway,36,$500 
37,12.97%,0.61%,52.58%,38.14%,APIGateway,37,$500 
38,33.81%,32.38%,96.37%,61.95%,APIGateway,38,$500 
39,33.37%,2.28%,63.79%,35.23%,APIGateway,39,$500 
40,21.08%,33.30%,19.17%,34.02%,Encryption,40,$500 
41,1.08%,64.19%,29.06%,23.82%,Encryption,41,$500 
42,58.45%,14.44%,28.50%,45.83%,Encryption,42,$500 
43,55.43%,97.80%,3.73%,48.42%,Encryption,43,$500 
44,53.72%,61.34%,6.91%,48.12%,Encryption,44,$500 
45,40.39%,97.20%,87.05%,65.00%,Encryption,45,$500 
46,97.08%,37.16%,5.45%,52.49%,Encryption,46,$500 
47,72.02%,95.18%,27.35%,64.26%,Encryption,47,$500 
48,54.68%,86.99%,87.52%,79.02%,Encryption,48,$500 
49,44.57%,4.52%,20.98%,22.82%,Encryption,49,$500 
50,78.10%,55.61%,60.29%,70.21%,Encryption,50,$500 
51,37.21%,30.62%,60.98%,51.52%,Encryption,51,$500 
52,44.35%,23.95%,93.86%,43.39%,Encryption,52,$500 
53,32.12%,91.87%,13.40%,39.96%,Encryption,53,$500 
54,11.94%,16.73%,58.13%,23.93%,Encryption,54,$500 
55,51.85%,41.20%,40.66%,55.10%,Encryption,55,$500 
56,47.63%,63.21%,86.41%,63.07%,Encryption,56,$500 
57,82.99%,72.34%,79.04%,74.21%,Encryption,57,$500 
58,36.09%,54.60%,3.76%,35.69%,Encryption,58,$500 
59,62.29%,72.76%,86.06%,58.70%,Encryption,59,$500 
60,15.95%,50.41%,65.92%,45.64%,Encryption,60,$500 
61,63.88%,37.27%,28.02%,55.12%,Encryption,61,$500 
62,16.77%,80.01%,72.36%,46.98%,Encryption,62,$500 
63,51.72%,43.20%,49.15%,47.69%,Encryption,63,$500 
64,35.31%,92.86%,57.84%,49.90%,Encryption,64,$500 
65,40.59%,88.51%,57.50%,49.22%,Encryption,65,$500 
66,51.56%,8.01%,42.00%,32.37%,Encryption,66,$500 
67,99.82%,69.03%,30.73%,73.37%,Encryption,67,$500 
68,78.26%,65.70%,69.73%,78.26%,Encryption,68,$500 
69,41.33%,89.10%,95.22%,71.81%,Encryption,69,$500 
70,10.66%,25.90%,23.88%,39.66%,Encryption,70,$500 
71,0.80%,6.75%,76.90%,26.67%,Encryption,71,$500 
72,75.12%,45.31%,96.90%,65.11%,Encryption,72,$500 
73,79.88%,35.43%,30.27%,51.44%,Encryption,73,$500 
74,7.71%,7.06%,4.34%,10.73%,Encryption,74,$500 
75,29.96%,51.69%,59.87%,36.27%,Encryption,75,$500 
76,11.95%,28.79%,31.94%,23.60%,Encryption,76,$500 
77,60.60%,38.95%,16.07%,34.30%,Encryption,77,$500 
78,26.26%,3.26%,64.44%,27.44%,Encryption,78,$500 
79,66.44%,68.04%,38.74%,62.52%,Encryption,79,$500 
80,14.62%,17.00%,23.73%,33.24%,Encryption,80,$500 
81,34.25%,59.52%,95.69%,69.72%,Encryption,81,$500 
82,68.04%,96.46%,88.51%,72.62%,Encryption,82,$500 
83,24.86%,20.64%,23.66%,25.00%,Encryption,83,$500 
84,19.15%,36.81%,24.47%,40.00%,Encryption,84,$500 
85,35.02%,41.76%,78.85%,47.44%,Encryption,85,$500 
86,86.02%,28.16%,41.09%,47.61%,Encryption,86,$500 
87,2.21%,96.47%,9.79%,27.42%,Encryption,87,$500 
88,30.70%,5.75%,46.55%,21.91%,Encryption,88,$500 
89,54.41%,98.00%,55.07%,60.04%,Encryption,89,$500 
90,45.71%,4.24%,87.78%,42.40%,Encryption,90,$500 
91,16.35%,71.50%,49.60%,39.62%,Encryption,91,$500 
92,38.89%,29.70%,82.05%,47.88%,Encryption,92,$500 
93,5.94%,17.54%,36.89%,19.00%,Encryption,93,$500 
94,81.88%,78.13%,75.60%,69.53%,Encryption,94,$500 
95,35.22%,91.78%,3.06%,53.91%,Encryption,95,$500 
96,65.99%,22.71%,0.86%,27.68%,Encryption,96,$500 
97,97.11%,32.03%,70.53%,61.25%,Encryption,97,$500 
98,71.90%,99.07%,0.00%,65.89%,Encryption,98,$500 
99,87.77%,76.52%,86.57%,77.97%,Encryption,99,$500 
100,29.53%,71.84%,71.24%,66.63%,Encryption,100,$500 
101,45.08%,54.48%,44.28%,45.01%,Encryption,101,$500 
102,67.49%,15.23%,2.87%,22.08%,Encryption,102,$500 
103,80.34%,74.65%,14.40%,61.36%,Encryption,103,$500 
104,3.77%,77.73%,32.91%,42.88%,Encryption,104,$500 
105,39.66%,44.73%,17.20%,31.94%,Encryption,105,$500 
106,49.38%,93.58%,68.82%,57.07%,Encryption,106,$500 
107,70.38%,14.16%,16.13%,43.39%,Encryption,107,$500 
108,37.01%,17.89%,80.00%,44.66%,Encryption,108,$500 
109,28.44%,31.11%,78.37%,40.45%,Encryption,109,$500 
110,64.01%,29.66%,64.82%,61.60%,Encryption,110,$500 
111,14.31%,49.64%,87.24%,55.40%,Encryption,111,$500 
112,4.16%,38.24%,46.60%,22.69%,Encryption,112,$500 
113,5.82%,19.39%,13.55%,27.85%,Encryption,113,$500 
114,91.93%,74.02%,54.02%,60.35%,Encryption,114,$500 
115,36.04%,24.23%,56.33%,43.25%,Encryption,115,$500 
116,7.91%,41.10%,23.29%,34.11%,Encryption,116,$500 
117,26.65%,77.86%,15.55%,50.25%,Encryption,117,$500 
118,89.90%,29.68%,16.87%,57.10%,Encryption,118,$500 
119,36.74%,34.45%,98.90%,54.73%,Encryption,119,$500 
120,67.65%,49.71%,67.59%,63.01%,Encryption,120,$500 
121,33.02%,6.92%,11.21%,12.88%,Encryption,121,$500 
122,69.60%,83.26%,15.63%,44.65%,Encryption,122,$500 
123,29.67%,12.34%,4.66%,36.10%,Encryption,123,$500 
124,98.43%,28.85%,43.34%,55.57%,Encryption,124,$500 
125,44.31%,57.03%,39.68%,43.55%,Encryption,125,$500 
126,23.40%,21.99%,37.22%,34.73%,Encryption,126,$500 
127,69.12%,10.28%,9.23%,42.25%,Encryption,127,$500 
128,77.55%,68.82%,71.19%,62.79%,Encryption,128,$500 
129,92.42%,43.55%,97.23%,70.60%,Encryption,129,$500 
130,4.04%,59.53%,48.85%,50.03%,Encryption,130,$500 
131,50.78%,33.28%,92.63%,48.11%,Encryption,131,$500 
132,19.67%,63.47%,48.78%,36.32%,Encryption,132,$500 
133,48.94%,69.17%,18.81%,54.96%,Encryption,133,$500 
134,90.55%,65.10%,22.12%,58.70%,Encryption,134,$500 
135,44.86%,69.24%,4.73%,48.26%,Encryption,135,$500 
136,37.38%,31.39%,28.33%,42.10%,Encryption,136,$500 
137,70.44%,78.00%,42.53%,50.12%,Encryption,137,$500 
138,58.22%,14.04%,15.84%,37.83%,Encryption,138,$500 
139,25.08%,79.83%,43.09%,42.37%,Encryption,139,$500 
140,69.62%,58.47%,7.28%,41.55%,Encryption,140,$500 
141,21.17%,71.41%,88.33%,56.07%,Encryption,141,$500 
142,24.65%,53.98%,43.82%,49.29%,Encryption,142,$500 
143,79.14%,23.90%,35.90%,58.05%,Encryption,143,$500 
144,85.14%,82.93%,57.47%,69.30%,Encryption,144,$500 
145,52.85%,10.07%,98.12%,63.51%,Encryption,145,$500 
146,81.37%,27.35%,36.18%,52.84%,Encryption,146,$500 
147,2.74%,89.43%,69.32%,42.72%,Encryption,147,$500 
148,62.94%,14.39%,21.10%,39.56%,Encryption,148,$500 
149,37.01%,0.77%,79.30%,52.56%,Encryption,149,$500 
150,77.73%,21.66%,87.62%,70.70%,Encryption,150,$500 
151,88.66%,31.01%,99.62%,72.08%,Encryption,151,$500 
152,93.45%,5.03%,86.21%,53.89%,Encryption,152,$500 
153,7.71%,48.27%,54.72%,36.45%,Encryption,153,$500 
154,40.16%,57.33%,21.07%,33.25%,Encryption,154,$500 
155,47.51%,40.88%,40.22%,48.64%,Encryption,155,$500 
156,25.97%,2.97%,10.55%,15.24%,Encryption,156,$500 
157,7.74%,1.77%,50.41%,38.97%,Encryption,157,$500 
158,53.63%,77.09%,59.62%,66.83%,Encryption,158,$500 
159,58.03%,94.32%,85.25%,74.56%,Encryption,159,$500 
160,57.54%,22.37%,50.86%,41.12%,Encryption,160,$500 
161,80.63%,91.54%,44.31%,68.64%,Encryption,161,$500 
162,53.53%,82.23%,63.26%,51.67%,Encryption,162,$500 
163,9.06%,70.88%,54.48%,55.63%,Encryption,163,$500 
164,76.27%,19.91%,29.16%,54.07%,Encryption,164,$500 
165,54.10%,79.76%,46.03%,63.97%,Encryption,165,$500 
166,82.66%,67.31%,15.89%,44.42%,Encryption,166,$500 
167,77.54%,73.43%,43.95%,71.66%,Encryption,167,$500 
168,97.48%,24.09%,46.79%,49.55%,Encryption,168,$500 
169,5.26%,13.40%,69.67%,28.26%,Encryption,169,$500 
170,12.82%,20.12%,10.50%,18.93%,Encryption,170,$500 
171,51.05%,41.62%,37.57%,32.85%,Encryption,171,$500 
172,29.43%,51.36%,57.58%,57.69%,Encryption,172,$500 
173,92.22%,91.16%,73.65%,80.26%,Encryption,173,$500 
174,80.66%,51.70%,38.58%,45.83%,ContentApp,174,$500 
175,81.29%,35.63%,83.85%,50.29%,ContentApp,175,$500 
176,36.58%,87.93%,37.20%,61.53%,ContentApp,176,$500 
177,60.73%,43.42%,29.51%,42.13%,ContentApp,177,$500 
178,82.95%,37.43%,71.05%,51.96%,ContentApp,178,$500 
179,93.04%,39.96%,88.77%,64.43%,ContentApp,179,$500 
180,56.73%,19.07%,97.61%,49.73%,ContentApp,180,$500 
181,89.83%,96.14%,61.86%,66.45%,ContentApp,181,$500 
182,96.21%,6.49%,91.24%,66.32%,ContentApp,182,$500 
183,95.54%,96.45%,3.20%,64.29%,ContentApp,183,$500 
184,83.08%,87.23%,48.59%,54.89%,ContentApp,184,$500 
185,24.07%,75.77%,22.15%,36.16%,ContentApp,185,$500 
186,89.14%,67.60%,5.52%,47.02%,ContentApp,186,$500 
187,62.10%,79.68%,90.10%,74.20%,ContentApp,187,$500 
188,86.10%,2.57%,69.27%,58.68%,ContentApp,188,$500 
189,22.97%,68.87%,60.35%,48.66%,ContentApp,189,$500 
190,26.76%,12.55%,89.27%,47.11%,ContentApp,190,$500 
191,12.08%,48.75%,20.05%,21.73%,ContentApp,191,$500 
192,18.48%,55.75%,92.30%,55.39%,ContentApp,192,$500 
193,85.81%,10.78%,4.26%,31.76%,ContentApp,193,$500 
194,60.60%,98.17%,5.17%,44.30%,ContentApp,194,$500 
195,21.27%,40.42%,11.35%,21.33%,ContentApp,195,$500 
196,90.85%,9.21%,72.34%,45.82%,ContentApp,196,$500 
197,98.53%,67.47%,35.93%,52.67%,ContentApp,197,$500 
198,87.51%,44.99%,25.81%,58.40%,ContentApp,198,$500 
199,24.94%,2.74%,17.87%,20.87%,ContentApp,199,$500 
200,42.07%,36.08%,27.38%,39.10%,ContentApp,200,$500 
201,15.97%,34.67%,38.44%,26.87%,ContentApp,201,$500 
202,80.22%,99.03%,46.75%,69.68%,ContentApp,202,$500 
203,28.47%,29.98%,44.75%,39.72%,ContentApp,203,$500 
204,65.14%,84.57%,73.00%,72.54%,ContentApp,204,$500 
205,14.84%,58.13%,6.88%,21.91%,ContentApp,205,$500 
206,56.27%,27.11%,33.71%,37.71%,ContentApp,206,$500 
207,21.82%,6.62%,47.36%,28.70%,ContentApp,207,$500 
208,32.10%,42.67%,4.54%,27.34%,ContentApp,208,$500 
209,78.91%,17.65%,48.99%,47.77%,ContentApp,209,$500 
210,86.30%,7.90%,70.82%,55.55%,ContentApp,210,$500 
211,59.28%,62.84%,7.37%,54.90%,ContentApp,211,$500 
212,52.79%,31.31%,34.04%,40.07%,ContentApp,212,$500 
213,9.98%,7.42%,84.71%,27.41%,ContentApp,213,$500 
214,81.56%,99.03%,80.78%,71.30%,ContentApp,214,$500 
215,92.18%,95.06%,82.33%,72.33%,ContentApp,215,$500 
216,42.30%,83.16%,73.82%,56.10%,ContentApp,216,$500 
217,20.66%,84.78%,0.28%,28.19%,ContentApp,217,$500 
218,92.15%,32.10%,55.95%,46.56%,ContentApp,218,$500 
219,1.13%,2.37%,50.79%,24.67%,ContentApp,219,$500 
220,22.84%,17.91%,11.58%,17.70%,ContentApp,220,$500 
221,38.01%,48.69%,69.80%,46.75%,ContentApp,221,$500 
222,49.86%,47.02%,24.54%,47.99%,ContentApp,222,$500 
223,19.05%,98.58%,31.51%,47.13%,ContentApp,223,$500 
224,39.28%,51.51%,67.64%,61.71%,ContentApp,224,$500 
225,33.36%,88.71%,86.56%,58.41%,ContentApp,225,$500 
226,19.98%,86.89%,26.93%,44.93%,ContentApp,226,$500 
227,31.84%,38.56%,68.65%,42.84%,ContentApp,227,$500 
228,38.07%,14.38%,69.05%,39.09%,ContentApp,228,$500 
229,35.19%,47.60%,5.20%,33.73%,ContentApp,229,$500 
230,2.11%,58.79%,9.25%,39.40%,ContentApp,230,$500 
231,81.22%,1.41%,74.08%,41.27%,ContentApp,231,$500 
232,78.90%,95.56%,44.72%,74.63%,ContentApp,232,$500 
233,87.89%,83.65%,27.69%,64.14%,ContentApp,233,$500 
234,45.64%,38.40%,3.44%,37.17%,ContentApp,234,$500 
235,14.24%,61.30%,28.95%,47.00%,ContentApp,235,$500 
236,3.34%,73.86%,36.60%,32.98%,ContentApp,236,$500 
237,75.05%,97.74%,85.14%,74.78%,ContentApp,237,$500 
238,62.11%,28.79%,46.70%,55.22%,ContentApp,238,$500 
239,34.39%,6.48%,27.57%,29.86%,ContentApp,239,$500 
240,95.75%,5.37%,53.80%,41.02%,ContentApp,240,$500 
241,22.47%,40.35%,66.35%,45.22%,ContentApp,241,$500 
242,61.20%,29.42%,57.26%,57.94%,ContentApp,242,$500 
243,5.66%,48.22%,82.17%,38.55%,ContentApp,243,$500 
244,65.84%,57.62%,35.90%,60.39%,ContentApp,244,$500 
245,59.47%,71.62%,23.18%,39.05%,ContentApp,245,$500 
246,29.00%,83.91%,54.38%,48.83%,ContentApp,246,$500 
247,87.09%,38.40%,33.53%,43.40%,ContentApp,247,$500 
248,67.57%,45.17%,98.68%,77.30%,ContentApp,248,$500 
249,36.84%,80.37%,31.45%,54.34%,ContentApp,249,$500 
250,59.92%,77.73%,35.14%,48.45%,ContentApp,250,$500 
251,70.61%,72.78%,65.44%,63.03%,ContentApp,251,$500 
252,69.41%,23.43%,95.86%,54.29%,ContentApp,252,$500 
253,57.60%,12.00%,37.12%,47.17%,ContentApp,253,$500 
254,31.20%,53.46%,41.40%,33.97%,ContentApp,254,$500 
255,7.12%,86.24%,43.35%,54.45%,ContentApp,255,$500 
256,35.88%,75.91%,7.73%,41.55%,ContentApp,256,$500 
257,50.14%,0.28%,15.41%,38.99%,ContentApp,257,$500 
258,7.82%,39.64%,10.35%,18.60%,ContentApp,258,$500 
259,39.76%,24.55%,48.06%,44.38%,ContentApp,259,$500 
260,82.76%,56.71%,54.84%,59.98%,ContentApp,260,$500 
261,36.38%,39.06%,41.40%,35.44%,ContentApp,261,$500 
262,69.80%,31.25%,59.67%,60.64%,ContentApp,262,$500 
263,31.12%,44.28%,30.77%,42.36%,ContentApp,263,$500 
264,82.29%,82.35%,85.90%,62.71%,ContentApp,264,$500 
265,62.59%,54.46%,87.58%,68.84%,ContentApp,265,$500 
266,35.81%,7.07%,40.22%,35.55%,ContentApp,266,$500 
267,7.47%,37.37%,62.81%,29.80%,ContentApp,267,$500 
268,32.18%,63.87%,31.78%,44.90%,ContentApp,268,$500 
269,62.82%,5.22%,79.91%,48.10%,ContentApp,269,$500 
270,3.05%,42.89%,65.43%,36.31%,ContentApp,270,$500 
271,52.75%,89.51%,29.80%,50.26%,ContentApp,271,$500 
272,39.15%,65.63%,34.80%,38.95%,ContentApp,272,$500 
273,18.15%,32.02%,39.12%,23.66%,ContentApp,273,$500 
274,7.94%,32.51%,12.53%,27.33%,ContentApp,274,$500 
275,17.26%,9.05%,8.65%,12.92%,ContentApp,275,$500 
276,38.62%,55.99%,10.61%,47.20%,ContentApp,276,$500 
277,35.97%,14.21%,29.50%,24.19%,ContentApp,277,$500 
278,6.14%,51.60%,47.25%,50.33%,ContentApp,278,$500 
279,15.82%,77.60%,54.93%,46.40%,ContentApp,279,$500 
280,82.79%,75.72%,28.53%,50.08%,ContentApp,280,$500 
281,69.12%,7.00%,2.94%,32.12%,ContentApp,281,$500 
282,59.54%,48.84%,24.33%,41.35%,ContentApp,282,$500 
283,66.40%,84.43%,54.25%,76.02%,ContentApp,283,$500 
284,29.18%,78.26%,65.22%,46.69%,ContentApp,284,$500 
285,93.89%,9.15%,49.44%,44.75%,ContentApp,285,$500 
286,23.35%,75.73%,84.06%,56.28%,ContentApp,286,$500 
287,42.14%,59.62%,15.70%,48.59%,ContentApp,287,$500 
288,64.68%,31.64%,88.24%,69.43%,ContentApp,288,$500 
289,50.20%,24.21%,15.51%,45.78%,ContentApp,289,$500 
290,65.17%,63.99%,56.37%,69.76%,ContentApp,290,$500 
291,24.35%,19.59%,67.13%,35.06%,ContentApp,291,$500 
292,80.70%,78.26%,20.96%,45.50%,ContentApp,292,$500 
293,76.63%,83.85%,42.63%,75.35%,ContentApp,293,$500 
294,29.86%,79.20%,69.08%,59.33%,ContentApp,294,$500 
295,41.48%,86.51%,44.41%,64.51%,ContentApp,295,$500 
296,13.78%,77.22%,20.60%,43.44%,ContentApp,296,$500 
297,73.64%,21.12%,4.81%,39.90%,ContentApp,297,$500 
298,9.16%,97.62%,15.77%,47.56%,ContentApp,298,$500 
299,4.29%,89.05%,4.05%,47.02%,ContentApp,299,$500 
300,20.24%,75.54%,50.14%,37.02%,ContentApp,300,$500 
301,6.55%,71.08%,91.12%,61.74%,ContentApp,301,$500 
302,96.99%,93.17%,7.96%,58.18%,ContentApp,302,$500 
303,76.12%,38.93%,40.68%,43.83%,ContentApp,303,$500 
304,17.76%,46.25%,98.88%,44.63%,ContentApp,304,$500 
305,21.79%,85.38%,75.93%,56.25%,ContentApp,305,$500 
306,1.24%,74.82%,56.90%,55.20%,ContentApp,306,$500 
307,42.97%,36.35%,39.32%,34.75%,ContentApp,307,$500 
308,50.20%,24.78%,58.33%,49.27%,ContentApp,308,$500 
309,47.66%,32.76%,57.69%,34.95%,ContentApp,309,$500 
310,66.80%,89.51%,16.31%,62.06%,ContentApp,310,$500 
311,63.96%,71.15%,42.17%,45.67%,ContentApp,311,$500 
312,95.70%,81.84%,60.85%,81.09%,ContentApp,312,$500 
313,47.64%,82.95%,28.09%,63.58%,ContentApp,313,$500 
314,95.60%,81.85%,14.04%,71.30%,ContentApp,314,$500 
315,9.60%,71.91%,64.63%,37.20%,ContentApp,315,$500 
316,42.78%,59.83%,37.84%,53.74%,ContentApp,316,$500 
317,22.58%,34.89%,15.54%,23.82%,ContentApp,317,$500 
318,19.15%,56.92%,56.65%,50.81%,ContentApp,318,$500 
319,55.19%,66.32%,48.36%,47.73%,ContentApp,319,$500 
320,65.34%,14.00%,30.74%,32.16%,ContentApp,320,$500 
321,43.71%,37.43%,85.51%,52.52%,ContentApp,321,$500 
322,33.38%,44.28%,60.85%,43.34%,ContentApp,322,$500 
323,74.73%,33.93%,95.07%,61.44%,ContentApp,323,$500 
324,81.56%,96.97%,28.81%,67.61%,ContentApp,324,$500 
325,59.72%,99.48%,89.10%,85.97%,ContentApp,325,$500 
326,5.12%,0.73%,46.57%,34.84%,ContentApp,326,$500 
327,97.97%,2.55%,56.47%,55.27%,ContentApp,327,$500 
328,93.68%,4.77%,1.92%,27.16%,ContentApp,328,$500 
329,47.08%,53.30%,57.55%,61.99%,ContentApp,329,$500 
330,30.16%,28.85%,27.34%,41.99%,ContentApp,330,$500 
331,79.22%,22.43%,67.80%,49.45%,ContentApp,331,$500 
332,89.67%,7.77%,76.96%,61.56%,ContentApp,332,$500 
333,20.62%,10.76%,16.51%,15.95%,ContentApp,333,$500 
334,76.55%,22.33%,94.85%,71.85%,ContentApp,334,$500 
335,34.63%,29.94%,29.48%,44.74%,ContentApp,335,$500 
336,62.92%,53.56%,57.41%,51.51%,ContentApp,336,$500 
337,92.31%,46.40%,20.28%,56.19%,ContentApp,337,$500 
338,27.21%,32.54%,17.29%,34.28%,ContentApp,338,$500 
339,40.14%,19.15%,85.69%,48.71%,ContentApp,339,$500 
340,9.87%,37.55%,59.62%,28.48%,ContentApp,340,$500 
341,71.76%,84.37%,16.66%,47.27%,ContentApp,341,$500 
342,86.55%,12.07%,79.51%,53.97%,ContentApp,342,$500 
343,76.86%,14.75%,42.49%,57.87%,ContentApp,343,$500 
344,63.46%,0.26%,73.98%,40.03%,ContentApp,344,$500 
345,21.36%,65.70%,15.92%,33.05%,ContentApp,345,$500 
346,77.31%,82.63%,59.17%,65.33%,ContentApp,346,$500 
347,7.78%,92.46%,97.07%,59.29%,ContentApp,347,$500 
348,85.58%,67.97%,25.78%,69.38%,ContentApp,348,$500 
349,15.14%,54.66%,25.85%,25.56%,ContentApp,349,$500 
350,89.92%,36.71%,50.11%,59.35%,ContentApp,350,$500 
351,67.79%,59.61%,62.73%,68.43%,ContentApp,351,$500 
352,87.30%,65.86%,98.40%,67.95%,ContentApp,352,$500 
353,65.95%,67.72%,89.61%,59.15%,ContentApp,353,$500 
354,46.92%,90.11%,39.91%,50.68%,ContentApp,354,$500 
355,28.53%,4.22%,19.15%,35.78%,ContentApp,355,$500 
356,4.67%,30.52%,54.60%,34.04%,ContentApp,356,$500 
357,72.08%,64.26%,97.87%,78.51%,ContentApp,357,$500 
358,29.66%,50.87%,98.96%,61.00%,ContentApp,358,$500 
359,83.93%,62.71%,34.14%,52.92%,ContentApp,359,$500 
360,2.84%,27.03%,39.38%,28.63%,ContentApp,360,$500 
361,6.89%,33.79%,75.57%,42.30%,ContentApp,361,$500 
362,68.61%,42.35%,90.25%,59.01%,ContentApp,362,$500 
363,31.34%,63.81%,84.30%,59.14%,ContentApp,363,$500 
364,82.94%,27.96%,28.70%,47.05%,ContentApp,364,$500 
365,96.86%,12.94%,2.65%,47.72%,ContentApp,365,$500 
366,60.15%,76.00%,2.73%,40.89%,ContentApp,366,$500 
367,70.75%,23.74%,76.88%,60.66%,ContentApp,367,$500 
368,85.17%,18.91%,57.14%,42.43%,ContentApp,368,$500 
369,47.30%,72.25%,67.21%,53.24%,ContentApp,369,$500 
370,59.13%,28.56%,91.31%,52.82%,ContentApp,370,$500 
371,14.29%,9.85%,44.57%,37.86%,ContentApp,371,$500 
372,14.39%,48.76%,95.95%,48.47%,ContentApp,372,$500 
373,23.38%,95.46%,7.78%,53.62%,ContentApp,373,$500 
374,94.92%,83.35%,82.29%,85.39%,ContentApp,374,$500 
375,82.85%,39.30%,52.91%,43.82%,ContentApp,375,$500 
376,31.50%,99.72%,74.02%,52.03%,ContentApp,376,$500 
377,16.48%,41.63%,21.29%,31.74%,ContentApp,377,$500 
378,40.71%,97.10%,76.85%,72.39%,ContentApp,378,$500 
379,2.61%,65.92%,38.49%,34.72%,ContentApp,379,$500 
380,7.57%,25.63%,6.09%,15.61%,ContentApp,380,$500 
381,33.99%,65.35%,77.24%,59.91%,ContentApp,381,$500 
382,11.95%,75.65%,45.80%,55.35%,ContentApp,382,$500 
383,14.70%,9.86%,11.08%,21.23%,ContentApp,383,$500 
384,1.76%,42.84%,79.23%,46.11%,ContentApp,384,$500 
385,43.50%,2.26%,44.01%,31.30%,ContentApp,385,$500 
386,45.39%,21.59%,71.90%,40.99%,ContentApp,386,$500 
387,13.91%,96.94%,76.10%,64.03%,ContentApp,387,$500 
388,43.03%,58.29%,37.43%,40.52%,ContentApp,388,$500 
389,91.90%,14.28%,65.42%,54.81%,ContentApp,389,$500 
390,51.64%,79.44%,50.31%,55.07%,ContentApp,390,$500 
391,93.17%,69.35%,60.65%,56.81%,ContentApp,391,$500 
392,63.17%,53.62%,3.53%,36.18%,ContentApp,392,$500 
393,4.53%,18.13%,13.42%,16.63%,ContentApp,393,$500 
394,52.15%,31.94%,73.78%,57.25%,ContentApp,394,$500 
395,90.56%,80.05%,98.93%,78.89%,ContentApp,395,$500 
396,36.32%,9.01%,69.05%,46.43%,ContentApp,396,$500 
397,54.36%,71.15%,57.79%,51.73%,ContentApp,397,$500 
398,47.40%,21.48%,50.58%,54.67%,ContentApp,398,$500 
399,86.09%,62.01%,83.18%,81.53%,ContentApp,399,$500 
400,67.03%,14.29%,59.05%,52.71%,ContentApp,400,$500 
401,79.92%,59.00%,26.28%,52.81%,ContentApp,401,$500 
402,92.68%,3.51%,62.62%,50.88%,ContentApp,402,$500 
403,80.44%,22.27%,17.53%,43.99%,ContentApp,403,$500 
404,83.06%,39.59%,21.55%,40.73%,ContentApp,404,$500 
405,13.85%,84.12%,21.52%,49.73%,ContentApp,405,$500 
406,61.44%,98.88%,94.06%,69.64%,ContentApp,406,$500 
407,81.87%,82.84%,20.67%,47.57%,ContentApp,407,$500 
408,62.23%,1.80%,98.63%,56.33%,ContentApp,408,$500 
409,7.55%,65.04%,48.26%,43.23%,ContentApp,409,$500 
410,28.22%,29.71%,81.44%,51.44%,ContentApp,410,$500 
411,66.69%,95.72%,47.33%,70.14%,ContentApp,411,$500 
412,21.72%,79.37%,89.37%,52.42%,ContentApp,412,$500 
413,75.94%,51.82%,97.35%,68.68%,ContentApp,413,$500 
414,33.03%,38.83%,11.33%,36.13%,ContentApp,414,$500 
415,62.33%,37.29%,87.84%,61.95%,ContentApp,415,$500 
416,22.61%,65.55%,9.75%,25.37%,ContentApp,416,$500 
417,4.96%,77.30%,11.14%,31.43%,ContentApp,417,$500 
418,91.73%,61.32%,42.10%,64.65%,ContentApp,418,$500 
419,63.13%,98.07%,60.80%,62.22%,ContentApp,419,$500 
420,28.43%,42.47%,81.99%,63.09%,ContentApp,420,$500 
421,18.44%,21.28%,8.60%,17.85%,ContentApp,421,$500 
422,91.56%,91.44%,21.83%,61.58%,ContentApp,422,$500 
423,60.17%,61.73%,16.88%,47.12%,ContentApp,423,$500 
424,67.81%,62.60%,64.73%,70.21%,Couchbase,424,$500 
425,13.99%,57.11%,26.12%,47.97%,Couchbase,425,$500 
426,43.68%,93.88%,62.78%,63.39%,Couchbase,426,$500 
427,78.97%,96.82%,96.47%,69.54%,Couchbase,427,$500 
428,58.20%,76.09%,64.05%,52.66%,Couchbase,428,$500 
429,20.16%,1.35%,27.25%,16.49%,Couchbase,429,$500 
430,86.93%,92.96%,69.80%,62.45%,Couchbase,430,$500 
431,74.72%,45.79%,35.14%,42.88%,Couchbase,431,$500 
432,6.10%,70.75%,13.35%,29.27%,Couchbase,432,$500 
433,62.56%,84.55%,32.86%,57.41%,Couchbase,433,$500 
434,15.92%,92.46%,24.02%,51.85%,Couchbase_Operator,434,$500 
435,53.34%,96.78%,39.42%,68.18%,Couchbase_Operator,435,$500 
436,30.14%,58.56%,28.91%,47.33%,Couchbase_Operator,436,$500 
437,94.99%,74.17%,61.07%,71.25%,Couchbase_Operator,437,$500 
438,50.78%,31.60%,39.89%,35.05%,Couchbase_Operator,438,$500 
439,24.66%,16.83%,85.50%,40.94%,Couchbase_Operator,439,$500 
440,92.29%,92.27%,35.97%,58.71%,Couchbase_Operator,440,$500 
441,56.16%,36.03%,25.35%,39.03%,Couchbase_Operator,441,$500 
442,79.85%,32.86%,54.57%,60.15%,Couchbase_Operator,442,$500 
443,69.61%,92.00%,25.50%,50.15%,Couchbase_Operator,443,$500 
444,65.78%,13.35%,20.22%,49.59%,Couchbase_Operator,444,$500 
445,14.23%,74.32%,93.19%,62.37%,Couchbase_Operator,445,$500 
446,48.14%,10.48%,42.66%,40.20%,Couchbase_Operator,446,$500 
447,18.34%,80.13%,41.06%,38.35%,Couchbase_Operator,447,$500 
448,35.86%,31.24%,23.08%,40.49%,Couchbase_Operator,448,$500 
449,21.65%,54.36%,28.60%,43.55%,Couchbase_Operator,449,$500 
450,39.12%,56.00%,56.15%,56.69%,Couchbase_Operator,450,$500 
451,25.74%,4.43%,7.57%,30.15%,Couchbase_Operator,451,$500 
452,32.28%,20.13%,96.58%,37.45%,Couchbase_Operator,452,$500 
453,86.07%,2.75%,17.82%,43.89%,Couchbase_Operator,453,$500 
454,30.64%,10.61%,80.17%,53.72%,Couchbase_Operator,454,$500 
455,33.93%,85.40%,19.59%,47.86%,Couchbase_Operator,455,$500 
456,94.01%,96.77%,87.67%,78.59%,Couchbase_Operator,456,$500 
457,39.93%,17.09%,28.84%,25.11%,Database,457,$500 
458,3.50%,50.32%,56.19%,42.96%,Database,458,$500 
459,8.20%,76.49%,59.78%,40.77%,BigData,459,$500 
460,50.87%,89.83%,60.50%,64.44%,BigData,460,$500 
461,41.01%,44.76%,57.19%,46.21%,BigData,461,$500 
462,26.02%,49.22%,76.67%,42.43%,BigData,462,$500 
463,8.34%,37.28%,87.46%,43.27%,BigData,463,$500 
464,48.58%,26.16%,95.45%,42.97%,BigData,464,$500 
465,2.82%,42.71%,17.97%,25.63%,BigData,465,$500 
466,11.15%,10.56%,0.48%,19.03%,BigData,466,$500 
467,47.20%,32.17%,4.32%,35.11%,BigData,467,$500 
468,37.36%,97.80%,20.02%,40.97%,BigData,468,$500 
469,58.73%,17.22%,23.14%,26.02%,BigData,469,$500 
470,36.02%,19.48%,49.79%,33.71%,BigData,470,$500 
471,43.56%,2.86%,32.76%,32.05%,BigData,471,$500 
472,94.12%,48.66%,19.65%,62.91%,BigData,472,$500 
473,59.97%,44.17%,69.61%,60.83%,BigData,473,$500 
474,11.34%,56.86%,36.06%,47.45%,BigData,474,$500 
475,21.19%,72.18%,83.36%,61.36%,BigData,475,$500 
476,34.10%,94.00%,10.58%,51.69%,BigData,476,$500 
477,34.74%,22.00%,73.19%,40.29%,BigData,477,$500 
478,88.46%,2.65%,1.04%,29.26%,BigData,478,$500 
479,84.01%,39.28%,80.89%,71.72%,BigData,479,$500 
480,17.47%,72.02%,19.62%,47.05%,BigData,480,$500 
481,68.51%,11.24%,99.47%,64.52%,BigData,481,$500 
482,95.19%,47.91%,86.16%,79.31%,BigData,482,$500 
483,58.07%,57.67%,42.20%,57.30%,BigData,483,$500 
484,51.18%,62.34%,68.00%,68.42%,BigData,484,$500 
485,85.25%,86.08%,21.76%,51.89%,BigData,485,$500 
486,32.41%,29.79%,43.77%,41.12%,BigData,486,$500 
487,60.44%,38.70%,68.32%,44.13%,BigData,487,$500 
488,87.67%,14.16%,22.05%,42.90%,BigData,488,$500 
489,19.37%,55.29%,92.09%,65.95%,BigData,489,$500 
490,82.35%,84.27%,11.69%,54.89%,BigData,490,$500 
491,93.02%,78.15%,31.27%,70.41%,BigData,491,$500 
492,15.76%,5.58%,39.62%,33.26%,BigData,492,$500 
493,76.26%,28.33%,91.89%,52.89%,BigData,493,$500 
494,79.02%,36.75%,41.00%,47.30%,BigData,494,$500 
495,27.04%,83.67%,75.75%,49.69%,BigData,495,$500 
496,34.22%,29.60%,16.95%,36.65%,BigData,496,$500 
497,74.87%,94.21%,61.48%,82.01%,BigData,497,$500 
498,85.53%,5.29%,19.48%,49.00%,BigData,498,$500 
499,90.27%,13.56%,32.06%,41.47%,BigData,499,$500 
500,19.79%,79.50%,41.26%,45.07%,BigData,500,$500 
501,46.84%,95.20%,12.47%,58.61%,BigData,501,$500 
502,19.86%,53.31%,37.20%,43.31%,BigData,502,$500 
503,37.37%,94.24%,13.85%,40.94%,BigData,503,$500 
504,32.18%,58.43%,75.23%,65.80%,BigData,504,$500 
505,58.29%,93.56%,31.53%,50.75%,BigData,505,$500 
506,97.66%,56.12%,14.14%,57.07%,BigData,506,$500 
507,28.99%,18.83%,86.42%,39.46%,BigData,507,$500 
508,23.32%,60.00%,24.92%,29.01%,BigData,508,$500 
509,96.11%,26.16%,19.30%,55.24%,BigData,509,$500 
510,72.09%,26.37%,8.06%,35.43%,BigData,510,$500 
511,49.06%,92.11%,84.52%,65.47%,BigData,511,$500 
512,8.95%,88.21%,34.31%,44.93%,BigData,512,$500 
513,46.22%,78.82%,63.15%,67.52%,BigData,513,$500 
514,62.65%,63.17%,86.18%,72.42%,BigData,514,$500 
515,33.87%,35.87%,89.42%,51.53%,BigData,515,$500 
516,65.43%,23.45%,53.08%,53.07%,BigData,516,$500 
517,62.40%,96.42%,67.02%,60.67%,BigData,517,$500 
518,6.28%,47.48%,9.52%,35.96%,BigData,518,$500 
519,2.56%,76.73%,67.63%,58.72%,BigData,519,$500 
520,51.24%,64.21%,84.04%,62.92%,BigData,520,$500 
521,40.87%,88.22%,8.42%,41.14%,BigData,521,$500 
522,27.26%,6.50%,93.48%,38.31%,BigData,522,$500 
523,43.01%,84.80%,47.67%,45.68%,BigData,523,$500 
524,83.42%,43.65%,79.04%,74.37%,BigData,524,$500 
525,21.33%,48.06%,89.59%,57.93%,BigData,525,$500 
526,49.75%,44.41%,28.01%,41.06%,BigData,526,$500 
527,50.12%,12.62%,9.16%,39.62%,BigData,527,$500 
528,63.15%,27.38%,36.40%,55.60%,BigData,528,$500 
529,70.44%,79.65%,66.33%,57.53%,BigData,529,$500 
530,46.53%,19.10%,50.16%,29.41%,BigData,530,$500 
531,86.02%,35.43%,16.48%,51.96%,BigData,531,$500 
532,68.83%,63.72%,83.97%,71.15%,Messaging,532,$500 
533,74.57%,74.11%,44.04%,72.52%,Messaging,533,$500 
534,12.78%,77.13%,41.66%,41.50%,Messaging,534,$500 
535,26.20%,92.03%,60.81%,67.35%,Messaging,535,$500 
536,23.02%,86.93%,11.46%,53.43%,Messaging,536,$500 
537,62.28%,51.04%,4.30%,42.80%,Messaging,537,$500 
538,12.13%,79.75%,22.69%,36.46%,Messaging,538,$500 
539,95.58%,1.40%,81.96%,45.57%,Messaging,539,$500 
540,53.53%,78.22%,18.38%,38.14%,Messaging,540,$500 
541,62.72%,19.14%,93.16%,48.35%,Messaging,541,$500 
542,48.01%,2.02%,59.28%,30.48%,Messaging,542,$500 
543,62.95%,46.84%,0.12%,28.92%,Messaging,543,$500 
544,39.53%,89.90%,73.19%,66.01%,Messaging,544,$500 
545,89.11%,17.12%,38.07%,53.57%,Messaging,545,$500 
546,95.52%,98.73%,40.62%,65.44%,Messaging,546,$500 
547,63.73%,52.47%,49.82%,59.33%,Messaging,547,$500 
548,20.36%,52.25%,30.16%,30.73%,Messaging,548,$500 
549,51.35%,68.81%,53.73%,48.02%,Messaging,549,$500 
550,4.24%,80.87%,80.25%,53.14%,Messaging,550,$500 
551,63.45%,41.30%,93.03%,68.10%,Messaging,551,$500 
552,81.77%,92.47%,74.53%,65.10%,Metrics,552,$500 
553,70.92%,92.63%,17.06%,55.59%,Metrics,553,$500 
554,13.72%,37.92%,85.55%,54.67%,MySQL,554,$500 
555,52.64%,2.68%,44.62%,45.75%,MySQL,555,$500 
556,94.18%,47.53%,52.44%,62.55%,MySQL,556,$500 
557,48.14%,41.76%,4.79%,41.74%,MySQL,557,$500 
558,89.44%,53.86%,45.60%,64.08%,MySQL,558,$500 
559,75.12%,22.61%,87.03%,49.05%,MySQL,559,$500 
560,2.46%,89.68%,36.84%,45.42%,MySQL,560,$500 
561,85.63%,83.00%,66.26%,79.63%,MySQL,561,$500 
562,30.91%,49.00%,38.08%,44.96%,MySQL,562,$500 
563,95.45%,31.59%,42.92%,67.44%,MySQL,563,$500 
564,57.17%,27.96%,44.39%,53.62%,MySQL,564,$500 
565,98.60%,28.61%,81.29%,57.49%,MySQL,565,$500 
566,82.46%,9.55%,62.74%,60.10%,MySQL,566,$500 
567,9.48%,82.56%,50.86%,35.86%,MySQL,567,$500 
568,68.46%,65.75%,34.34%,44.41%,MySQL,568,$500 
569,96.70%,61.94%,63.47%,59.27%,MySQL,569,$500 
570,31.17%,74.69%,68.53%,63.67%,MySQL,570,$500 
571,52.13%,10.04%,99.69%,48.31%,MySQL,571,$500 
572,88.34%,53.27%,40.51%,48.16%,MySQL,572,$500 
573,74.37%,31.72%,65.37%,54.81%,MySQL,573,$500 
574,99.24%,0.90%,53.37%,44.87%,MySQL,574,$500 
575,71.87%,21.36%,48.70%,44.00%,MySQL,575,$500 
576,29.89%,49.80%,59.90%,45.91%,MySQL,576,$500 
577,63.96%,88.68%,34.80%,66.46%,MySQL,577,$500 
578,24.48%,87.57%,69.07%,45.30%,MySQL,578,$500 
579,82.89%,47.64%,72.18%,51.11%,MySQL,579,$500 
580,67.67%,55.65%,9.49%,50.24%,MySQL,580,$500 
581,37.30%,35.95%,38.49%,35.15%,MySQL,581,$500 
582,47.48%,50.66%,0.83%,44.24%,MySQL,582,$500 
583,97.20%,11.07%,15.05%,32.95%,MySQL,583,$500 
584,95.58%,97.14%,5.34%,60.24%,MySQL,584,$500 
585,45.20%,72.11%,98.52%,73.43%,MySQL,585,$500 
586,27.49%,91.35%,1.88%,35.58%,MySQL,586,$500 
587,71.66%,46.61%,41.45%,48.66%,MySQL,587,$500 
588,68.76%,1.89%,89.53%,55.40%,MySQL,588,$500 
589,6.55%,3.57%,33.56%,28.27%,MySQL,589,$500 
590,66.59%,65.49%,7.02%,47.22%,MySQL,590,$500 
591,42.71%,8.15%,94.57%,56.04%,MySQL,591,$500 
592,19.20%,72.25%,18.05%,33.10%,MySQL,592,$500 
593,26.23%,68.09%,51.34%,42.17%,MySQL,593,$500 
594,30.93%,44.04%,46.17%,33.92%,MySQL,594,$500 
595,98.76%,7.46%,38.42%,38.35%,MySQL,595,$500 
596,47.05%,28.50%,35.70%,43.24%,MySQL,596,$500 
597,8.60%,75.79%,22.99%,46.26%,MySQL,597,$500 
598,56.38%,97.06%,15.58%,51.21%,MySQL,598,$500 
599,58.01%,13.61%,68.48%,41.43%,MySQL,599,$500 
600,74.38%,40.70%,75.29%,61.79%,MySQL,600,$500 
601,55.64%,12.08%,66.18%,38.89%,MySQL,601,$500 
602,97.95%,50.57%,7.08%,46.82%,MySQL,602,$500 
603,25.88%,40.88%,70.27%,47.88%,MySQL,603,$500 
604,86.37%,65.31%,89.55%,76.78%,MySQL,604,$500 
605,73.02%,13.84%,46.34%,56.47%,MySQL,605,$500 
606,31.96%,88.07%,8.05%,56.78%,MySQL,606,$500 
607,44.84%,95.64%,57.59%,58.12%,MySQL,607,$500 
608,99.17%,78.94%,37.93%,65.53%,MySQL,608,$500 
609,2.06%,64.25%,4.81%,26.54%,MySQL,609,$500 
610,77.93%,54.64%,98.77%,82.25%,MySQL,610,$500 
611,62.78%,62.50%,40.22%,46.32%,MySQL,611,$500 
612,61.50%,4.18%,89.12%,59.13%,MySQL,612,$500 
613,60.83%,67.63%,45.74%,66.69%,MySQL,613,$500 
614,81.59%,13.23%,33.87%,48.93%,MySQL,614,$500 
615,57.32%,8.19%,99.38%,56.05%,MySQL,615,$500 
616,22.22%,70.75%,67.54%,53.53%,MySQL,616,$500 
617,66.76%,51.22%,84.35%,68.37%,MySQL,617,$500 
618,87.50%,66.74%,10.00%,55.54%,MySQL,618,$500 
619,48.45%,66.61%,3.53%,34.45%,MySQL,619,$500 
620,93.53%,17.31%,82.18%,49.47%,MySQL,620,$500 
621,77.11%,9.11%,87.56%,67.55%,MySQL,621,$500 
622,0.46%,42.41%,47.81%,39.35%,MySQL,622,$500 
623,9.46%,78.62%,94.68%,46.79%,MySQL,623,$500 
624,15.96%,88.87%,21.61%,54.05%,MySQL,624,$500 
625,95.09%,12.55%,82.53%,65.66%,MySQL,625,$500 
626,69.90%,63.11%,80.46%,76.37%,MySQL,626,$500 
627,58.87%,51.63%,41.70%,40.02%,MySQL,627,$500 
628,5.81%,86.31%,38.04%,41.18%,Performance,628,$500 
629,19.29%,1.29%,47.21%,23.15%,Performance,629,$500 
630,71.81%,30.50%,93.17%,63.10%,Performance,630,$500 
631,34.54%,75.72%,60.62%,55.56%,Performance,631,$500 
632,58.12%,73.72%,65.37%,71.50%,Performance,632,$500 
633,23.45%,17.05%,36.55%,23.78%,Performance,633,$500 
634,21.07%,45.39%,46.53%,47.53%,Performance,634,$500 
635,36.59%,85.29%,77.39%,55.65%,Performance,635,$500 
636,75.11%,31.67%,47.15%,56.36%,Performance,636,$500 
637,1.25%,32.86%,31.61%,28.68%,Performance,637,$500 
638,12.38%,54.08%,4.56%,40.37%,Performance,638,$500 
639,52.53%,33.35%,88.26%,60.64%,Performance,639,$500 
640,71.45%,51.09%,17.14%,57.86%,Performance,640,$500 
641,47.49%,2.17%,57.00%,31.84%,Performance,641,$500 
642,80.52%,2.43%,95.85%,49.98%,Security,642,$500 
643,89.61%,42.88%,24.41%,50.37%,Security,643,$500 
644,82.24%,48.58%,30.03%,57.86%,Security,644,$500 
645,60.12%,36.88%,90.76%,53.18%,Security,645,$500 
646,30.23%,22.36%,14.39%,19.55%,Test,646,$500 
647,58.57%,65.08%,56.79%,54.37%,Test,647,$500 
648,79.80%,49.64%,23.67%,46.79%,Test,648,$500 
649,44.49%,99.11%,39.78%,67.17%,Test,649,$500 
650,98.65%,93.94%,87.16%,77.63%,Test_deploy,650,$500 
651,20.72%,31.92%,68.33%,32.49%,Test_deploy,651,$500 
652,37.86%,12.29%,84.72%,52.90%,Tools-Test,652,$500 
653,83.92%,89.91%,85.70%,85.62%,Tools-Test,653,$500 
654,34.27%,86.84%,74.93%,70.94%,UI,654,$500 
655,2.00%,55.53%,12.70%,26.76%,UI,655,$500 
656,92.88%,97.59%,19.19%,52.72%,UI,656,$500 
657,74.24%,26.60%,90.85%,52.28%,UI,657,$500 
658,0.67%,2.50%,52.55%,16.52%,UI,658,$500 
659,96.89%,7.59%,33.99%,36.96%,UI,659,$500 
660,17.74%,53.56%,55.42%,55.01%,UI,660,$500 
661,90.01%,41.47%,36.30%,54.82%,UI,661,$500 
662,58.49%,34.85%,46.79%,42.51%,UI,662,$500 
663,69.15%,73.79%,38.32%,56.57%,UI,663,$500 
664,16.98%,88.12%,62.38%,45.68%,UI,664,$500 
665,16.23%,1.33%,21.12%,14.11%,UI,665,$500 
666,95.30%,67.52%,87.83%,69.05%,UI,666,$500 
667,77.15%,65.06%,27.57%,50.72%,UI,667,$500 
668,26.39%,77.23%,90.27%,66.61%,UI,668,$500 
669,55.70%,62.36%,55.52%,50.88%,UI,669,$500 
670,45.80%,35.04%,87.02%,64.93%,UI,670,$500 
671,86.72%,30.98%,56.67%,51.98%,UI,671,$500 
672,24.20%,78.10%,64.80%,56.76%,adapter,672,$500 
673,20.05%,46.80%,83.12%,55.95%,adapter,673,$500 
674,69.43%,3.71%,44.88%,34.72%,adapter,674,$500 
675,18.35%,11.28%,66.15%,36.39%,adapter,675,$500 
676,8.98%,74.65%,99.82%,65.10%,adapter,676,$500 
677,50.12%,98.54%,8.00%,63.45%,adapter,677,$500 
678,30.49%,53.90%,85.54%,55.61%,APIGateway,678,$500 
679,36.37%,12.46%,4.10%,32.48%,APIGateway,679,$500 
680,94.26%,38.08%,41.38%,56.51%,APIGateway,680,$500 
681,3.93%,81.78%,53.18%,43.13%,APIGateway,681,$500 
682,92.68%,85.42%,18.25%,55.93%,APIGateway,682,$500 
683,54.51%,59.51%,79.09%,57.66%,APIGateway,683,$500 
684,11.05%,26.35%,27.76%,33.34%,APIGateway,684,$500 
685,13.54%,99.69%,63.00%,59.04%,APIGateway,685,$500 
686,65.23%,61.46%,95.40%,56.57%,APIGateway,686,$500 
687,6.74%,41.10%,59.36%,31.69%,APIGateway,687,$500 
688,67.36%,35.89%,17.84%,39.17%,APIGateway,688,$500 
689,9.75%,24.61%,84.16%,44.80%,APIGateway,689,$500 
690,60.44%,70.10%,80.54%,74.11%,APIGateway,690,$500 
691,12.46%,58.57%,35.89%,45.46%,APIGateway,691,$500 
692,36.83%,49.41%,52.74%,49.61%,APIGateway,692,$500 
693,69.35%,64.70%,22.53%,56.54%,APIGateway,693,$500 
694,95.71%,92.92%,71.69%,78.72%,APIGateway,694,$500 
695,38.00%,66.08%,46.81%,40.11%,APIGateway,695,$500 
696,17.13%,41.29%,49.26%,42.04%,APIGateway,696,$500 
697,21.25%,85.12%,29.72%,55.85%,APIGateway,697,$500 
698,37.31%,87.18%,19.79%,40.37%,APIGateway,698,$500 
699,78.54%,54.62%,37.71%,43.50%,APIGateway,699,$500 
700,6.17%,80.45%,42.80%,55.74%,APIGateway,700,$500 
701,68.80%,73.51%,28.14%,63.59%,APIGateway,701,$500 
702,13.04%,96.41%,25.16%,53.76%,APIGateway,702,$500 
703,37.81%,86.87%,98.02%,67.12%,APIGateway,703,$500 
704,12.19%,85.76%,48.50%,38.80%,APIGateway,704,$500 
705,60.11%,66.11%,59.51%,47.54%,APIGateway,705,$500 
706,2.13%,22.81%,40.92%,24.61%,Appd,706,$500 
707,61.69%,80.67%,48.09%,54.57%,Appd,707,$500 
708,16.68%,15.24%,53.32%,40.83%,Appd,708,$500 
709,20.15%,70.53%,46.97%,54.19%,Appd,709,$500 
710,34.02%,72.44%,18.74%,34.49%,Appd,710,$500 
711,43.59%,90.86%,28.25%,58.45%,Appd,711,$500 
712,30.65%,99.13%,77.46%,60.26%,Appd,712,$500 
713,24.22%,99.44%,68.52%,52.21%,Appd,713,$500 
714,90.18%,32.02%,60.20%,63.38%,Appd,714,$500 
715,32.65%,48.37%,3.20%,30.13%,Appd,715,$500 
716,51.29%,20.59%,38.86%,38.77%,Appd,716,$500 
717,69.35%,44.99%,57.73%,55.03%,Appd,717,$500 
718,70.92%,36.58%,75.35%,52.07%,Appd,718,$500 
719,19.81%,50.50%,16.47%,26.59%,Appd,719,$500 
720,29.02%,61.53%,54.95%,43.88%,Appd,720,$500 
721,54.70%,49.64%,55.74%,63.31%,Appd,721,$500 
722,96.90%,54.06%,76.84%,72.48%,Appd,722,$500 
723,53.43%,35.50%,46.01%,43.00%,Appd,723,$500 
724,61.83%,60.27%,27.24%,37.76%,Appd,724,$500 
725,56.24%,13.70%,1.22%,33.10%,Appd,725,$500 
726,92.27%,16.02%,77.31%,61.27%,Appd,726,$500 
727,60.90%,45.76%,81.61%,53.89%,Appd,727,$500 
728,98.88%,87.14%,74.43%,69.64%,Appd,728,$500 
729,12.63%,0.92%,26.33%,20.65%,Appd,729,$500 
730,60.77%,37.98%,70.23%,58.19%,ContentApp,730,$500 
731,60.05%,90.22%,14.69%,60.25%,ContentApp,731,$500 
732,9.36%,85.00%,36.75%,41.51%,ContentApp,732,$500 
733,92.56%,13.41%,90.71%,55.90%,ContentApp,733,$500 
734,42.45%,90.18%,21.77%,59.32%,ContentApp,734,$500 
735,43.66%,13.80%,98.97%,56.93%,ContentApp,735,$500 
736,28.85%,45.76%,38.90%,43.81%,ContentApp,736,$500 
737,83.47%,11.01%,12.67%,36.31%,ContentApp,737,$500 
738,64.30%,56.49%,41.56%,44.74%,couchbase,738,$500 
739,91.05%,11.23%,90.56%,63.53%,couchbase,739,$500 
740,51.15%,67.31%,25.65%,47.35%,couchbase,740,$500 
741,30.57%,3.83%,38.59%,20.71%,couchbase,741,$500 
742,19.32%,90.09%,46.58%,47.63%,couchbase,742,$500 
743,99.28%,80.68%,49.80%,65.62%,couchbase,743,$500 
744,43.19%,0.46%,3.39%,18.72%,couchbase,744,$500 
745,22.04%,32.46%,5.89%,35.20%,couchbase,745,$500 
746,45.36%,97.45%,72.83%,64.42%,couchbase,746,$500 
747,73.75%,8.17%,39.54%,45.48%,couchbase,747,$500 
748,87.63%,41.75%,59.75%,53.77%,couchbase,748,$500 
749,64.48%,48.61%,44.28%,52.24%,couchbase,749,$500 
750,0.91%,25.05%,61.31%,22.80%,couchbase,750,$500 
751,53.14%,32.54%,58.71%,47.20%,couchbase,751,$500 
752,44.88%,22.42%,71.69%,49.53%,couchbase,752,$500 
753,95.10%,53.90%,68.29%,54.46%,couchbase,753,$500 
754,76.78%,54.06%,12.82%,48.06%,couchbase,754,$500 
755,54.31%,87.79%,97.38%,66.29%,couchbase,755,$500 
756,80.78%,95.45%,15.29%,65.14%,couchbase,756,$500 
757,53.30%,78.39%,31.67%,55.74%,couchbase,757,$500 
758,85.86%,8.62%,99.83%,70.62%,couchbase,758,$500 
759,48.87%,93.42%,69.00%,76.33%,couchbase,759,$500 
760,32.48%,43.99%,93.66%,46.80%,couchbase,760,$500 
761,1.94%,1.02%,89.56%,46.99%,couchbase,761,$500 
762,34.02%,73.02%,62.91%,48.24%,couchbase,762,$500 
763,43.11%,63.39%,73.82%,49.21%,couchbase,763,$500 
764,28.34%,16.57%,12.53%,18.02%,couchbase,764,$500 
765,5.14%,32.23%,37.64%,18.84%,couchbase,765,$500 
766,72.85%,42.75%,84.77%,59.20%,couchbase,766,$500 
767,82.38%,82.33%,64.57%,78.00%,couchbase,767,$500 
768,1.07%,50.44%,97.79%,52.03%,couchbase,768,$500 
769,25.43%,0.68%,15.38%,18.08%,couchbase,769,$500 
770,59.91%,56.39%,59.43%,62.79%,couchbase,770,$500 
771,11.02%,18.59%,10.12%,16.19%,couchbase,771,$500 
772,61.93%,10.48%,55.95%,44.83%,couchbase,772,$500 
773,42.40%,25.77%,8.32%,20.51%,couchbase,773,$500 
774,73.93%,33.86%,3.33%,44.58%,couchbase,774,$500 
775,87.65%,22.92%,81.25%,49.61%,couchbase,775,$500 
776,9.17%,79.26%,43.52%,45.86%,couchbase,776,$500 
777,50.40%,66.66%,36.76%,58.72%,couchbase,777,$500 
778,35.09%,86.37%,7.58%,54.98%,couchbase,778,$500 
779,4.35%,73.99%,65.79%,39.59%,couchbase,779,$500 
780,11.03%,19.37%,94.93%,36.93%,couchbase,780,$500 
781,29.18%,10.67%,76.23%,53.20%,couchbase,781,$500 
782,8.35%,48.54%,75.28%,42.22%,couchbase,782,$500 
783,49.25%,50.88%,21.04%,31.83%,couchbase,783,$500 
784,38.42%,82.14%,97.21%,61.66%,couchbase,784,$500 
785,95.73%,81.45%,52.48%,57.57%,couchbase,785,$500 
786,81.52%,18.41%,19.18%,40.45%,couchbase,786,$500 
787,6.64%,19.73%,27.79%,29.04%,couchbase,787,$500 
788,8.01%,10.87%,75.20%,40.71%,couchbase,788,$500 
789,45.75%,42.39%,56.00%,46.71%,couchbase,789,$500 
790,68.86%,9.32%,77.04%,61.02%,couchbase,790,$500 
791,83.63%,12.83%,85.42%,48.90%,couchbase,791,$500 
792,87.15%,88.16%,5.25%,51.49%,couchbase,792,$500 
793,18.99%,19.20%,84.54%,44.99%,couchbase,793,$500 
794,9.40%,81.17%,77.19%,55.82%,couchbase,794,$500 
795,75.77%,79.18%,55.77%,65.58%,couchbase,795,$500 
796,94.23%,44.23%,50.92%,47.77%,couchbase,796,$500 
797,13.27%,2.17%,12.53%,30.57%,couchbase,797,$500 
798,36.96%,61.13%,21.05%,31.90%,couchbase,798,$500 
799,39.92%,70.05%,52.18%,41.36%,couchbase,799,$500 
800,4.00%,3.97%,63.23%,32.48%,couchbase,800,$500 
801,92.17%,20.58%,62.00%,66.60%,couchbase,801,$500 
802,12.37%,94.67%,72.13%,50.18%,couchbase,802,$500 
803,28.18%,7.55%,31.39%,32.10%,couchbase,803,$500 
804,69.47%,29.46%,10.53%,50.64%,couchbase,804,$500 
805,65.91%,73.24%,32.12%,65.33%,couchbase,805,$500 
806,26.59%,58.61%,1.01%,43.66%,couchbase,806,$500 
807,26.62%,60.69%,60.29%,61.00%,couchbase,807,$500 
808,16.35%,78.54%,34.12%,51.93%,couchbase,808,$500 
809,97.32%,2.31%,96.36%,73.97%,couchbase,809,$500 
810,64.23%,31.74%,52.13%,43.46%,couchbase,810,$500 
811,43.93%,32.88%,89.94%,46.84%,couchbase,811,$500 
812,69.73%,71.76%,33.26%,59.16%,couchbase,812,$500 
813,74.14%,46.55%,91.56%,71.66%,couchbase,813,$500 
814,79.66%,76.10%,42.86%,66.23%,couchbase,814,$500 
815,35.86%,16.33%,20.61%,40.91%,couchbase,815,$500 
816,40.46%,70.07%,2.22%,44.02%,couchbase,816,$500 
817,56.42%,43.74%,70.92%,63.50%,couchbase,817,$500 
818,33.66%,4.65%,71.96%,30.42%,couchbase,818,$500 
819,80.38%,4.10%,17.82%,34.10%,couchbase,819,$500 
820,45.62%,57.20%,19.55%,36.94%,couchbase,820,$500 
821,74.21%,53.53%,82.13%,54.65%,couchbase,821,$500 
822,54.41%,39.76%,57.98%,41.05%,couchbase,822,$500 
823,3.86%,84.44%,94.31%,70.08%,couchbase,823,$500 
824,72.48%,47.84%,46.63%,45.92%,couchbase,824,$500 
825,92.11%,89.53%,23.39%,52.38%,couchbase,825,$500 
826,14.60%,41.18%,90.65%,47.30%,couchbase,826,$500 
827,60.30%,57.36%,6.15%,53.39%,couchbase,827,$500 
828,75.47%,26.86%,40.39%,56.18%,couchbase,828,$500 
829,88.96%,76.13%,17.26%,53.24%,couchbase,829,$500 
830,35.13%,72.28%,89.56%,64.91%,couchbase,830,$500 
831,30.45%,21.72%,50.16%,48.39%,couchbase,831,$500 
832,4.20%,53.11%,78.94%,34.65%,couchbase,832,$500 
833,76.64%,82.81%,44.94%,54.80%,couchbase,833,$500 
834,79.16%,50.96%,89.33%,63.12%,couchbase,834,$500 
835,50.47%,20.54%,2.30%,18.59%,couchbase,835,$500 
836,12.96%,7.16%,43.97%,29.20%,couchbase,836,$500 
837,0.69%,61.35%,48.00%,46.32%,couchbase,837,$500 
838,95.55%,28.95%,58.26%,59.50%,couchbase,838,$500 
839,53.97%,16.82%,5.18%,25.14%,couchbase,839,$500 
840,65.58%,65.59%,67.36%,65.65%,couchbase,840,$500 
841,15.34%,59.61%,35.52%,33.02%,couchbase,841,$500 
842,34.97%,53.52%,75.13%,45.97%,couchbase,842,$500 
843,5.99%,5.02%,12.76%,21.19%,couchbase,843,$500 
844,3.99%,55.80%,1.60%,37.45%,couchbase,844,$500 
845,79.94%,62.08%,80.41%,72.09%,couchbase,845,$500 
846,14.16%,56.82%,61.11%,46.55%,couchbase,846,$500 
847,57.84%,25.74%,79.30%,51.60%,couchbase,847,$500 
848,83.70%,0.69%,15.14%,35.73%,couchbase,848,$500 
849,40.90%,64.71%,86.24%,57.25%,couchbase,849,$500 
850,92.29%,98.45%,79.93%,84.20%,couchbase,850,$500 
851,34.59%,92.49%,78.89%,62.66%,couchbase,851,$500 
852,18.66%,33.69%,98.88%,38.92%,couchbase,852,$500 
853,44.93%,95.18%,50.02%,54.18%,couchbase,853,$500 
854,35.28%,24.50%,37.32%,26.88%,couchbase,854,$500 
855,69.51%,18.64%,44.83%,36.63%,couchbase,855,$500 
856,48.44%,4.09%,22.25%,19.54%,couchbase,856,$500 
857,41.83%,1.90%,0.33%,25.69%,couchbase,857,$500 
858,21.03%,71.60%,38.99%,50.62%,couchbase,858,$500 
859,47.47%,3.11%,63.16%,38.21%,couchbase,859,$500 
860,28.93%,43.26%,54.71%,51.81%,couchbase,860,$500 
861,50.77%,6.97%,75.41%,46.85%,couchbase,861,$500 
862,23.56%,37.76%,90.46%,38.07%,couchbase,862,$500 
863,8.74%,81.69%,44.22%,39.40%,couchbase,863,$500 
864,78.53%,51.07%,42.85%,56.83%,couchbase,864,$500 
865,75.36%,78.97%,73.69%,77.75%,couchbase,865,$500 
866,6.83%,22.43%,58.32%,27.55%,couchbase,866,$500 
867,29.54%,95.04%,21.42%,47.78%,couchbase,867,$500 
868,57.59%,65.40%,25.78%,53.52%,couchbase,868,$500 
869,31.40%,40.41%,27.90%,34.74%,couchbase,869,$500 
870,12.59%,61.52%,5.32%,28.24%,couchbase,870,$500 
871,8.19%,27.54%,70.35%,44.75%,couchbase,871,$500 
872,50.09%,24.82%,38.15%,30.00%,couchbase,872,$500 
873,59.04%,65.96%,28.84%,54.72%,couchbase,873,$500 
874,71.88%,3.72%,0.41%,33.55%,couchbase,874,$500 
875,71.39%,34.25%,6.49%,35.18%,couchbase,875,$500 
876,48.81%,37.17%,88.10%,57.51%,couchbase,876,$500 
877,84.47%,21.73%,69.58%,46.22%,couchbase,877,$500 
878,22.94%,50.92%,53.82%,45.53%,couchbase,878,$500 
879,8.15%,67.96%,89.12%,43.95%,couchbase,879,$500 
880,32.69%,41.64%,55.57%,33.63%,couchbase,880,$500 
881,81.44%,85.62%,13.98%,55.52%,couchbase,881,$500 
882,73.05%,63.92%,38.83%,64.32%,couchbase,882,$500 
883,80.63%,33.55%,2.00%,48.59%,couchbase,883,$500 
884,78.82%,67.19%,8.73%,61.83%,couchbase,884,$500 
885,50.43%,91.31%,20.61%,47.62%,couchbase,885,$500 
886,3.27%,58.60%,11.90%,34.19%,couchbase,886,$500 
887,39.02%,32.34%,31.73%,44.59%,couchbase,887,$500 
888,71.58%,37.97%,27.83%,44.26%,couchbase,888,$500 
889,26.22%,61.22%,78.49%,49.28%,couchbase,889,$500 
890,70.01%,44.94%,22.26%,41.47%,couchbase,890,$500 
891,64.95%,81.03%,6.31%,53.91%,couchbase,891,$500 
892,57.71%,39.22%,98.24%,65.46%,couchbase,892,$500 
893,34.66%,86.55%,86.19%,62.74%,couchbase,893,$500 
894,34.11%,97.95%,28.35%,60.18%,couchbase,894,$500 
895,74.16%,77.98%,99.03%,73.98%,couchbase,895,$500 
896,77.86%,94.26%,15.28%,62.98%,couchbase,896,$500 
897,81.25%,66.47%,7.80%,55.33%,couchbase,897,$500 
898,65.02%,92.92%,57.33%,74.14%,couchbase,898,$500 
899,71.87%,67.52%,50.88%,67.05%,couchbase,899,$500 
900,24.70%,53.50%,51.11%,37.32%,couchbase,900,$500 
901,53.84%,94.69%,56.51%,64.46%,couchbase,901,$500 
902,54.51%,74.26%,26.98%,59.08%,couchbase,902,$500 
903,87.36%,89.25%,63.55%,74.58%,couchbase,903,$500 
904,70.11%,91.06%,38.49%,65.62%,couchbase,904,$500 
905,39.95%,80.61%,33.52%,55.38%,couchbase,905,$500 
906,5.87%,71.35%,43.96%,51.30%,couchbase,906,$500 
907,88.83%,69.26%,35.37%,71.34%,couchbase,907,$500 
908,97.70%,58.59%,70.87%,81.48%,couchbase,908,$500 
909,66.99%,81.23%,67.55%,57.71%,couchbase,909,$500 
910,69.55%,25.58%,3.45%,44.13%,couchbase,910,$500 
911,97.21%,5.43%,55.42%,48.33%,couchbase,911,$500 
912,70.84%,26.29%,51.38%,37.16%,couchbase,912,$500 
913,76.00%,90.87%,96.86%,72.61%,couchbase,913,$500 
914,30.42%,87.67%,70.37%,60.02%,couchbase,914,$500 
915,74.01%,46.78%,3.31%,44.02%,couchbase,915,$500 
916,61.36%,74.95%,65.54%,67.98%,couchbase,916,$500 
917,4.57%,35.64%,43.89%,41.86%,couchbase,917,$500 
918,27.09%,65.78%,20.32%,30.99%,couchbase,918,$500 
919,61.91%,22.29%,73.23%,41.90%,couchbase,919,$500 
920,2.89%,96.48%,2.97%,41.52%,couchbase,920,$500 
921,76.53%,24.81%,70.22%,50.53%,couchbase,921,$500 
922,19.40%,17.02%,97.13%,45.84%,couchbase,922,$500 
923,43.21%,83.47%,46.50%,50.83%,couchbase,923,$500 
924,24.10%,30.68%,35.87%,40.19%,couchbase,924,$500 
925,54.46%,6.63%,33.68%,41.25%,couchbase,925,$500 
926,10.43%,74.74%,12.81%,31.81%,couchbase,926,$500 
927,57.55%,33.73%,75.49%,54.08%,couchbase,927,$500 
928,57.07%,80.23%,3.02%,55.04%,couchbase,928,$500 
929,57.91%,43.93%,35.75%,34.84%,couchbase,929,$500 
930,59.78%,95.54%,9.63%,53.07%,couchbase,930,$500 
931,40.21%,1.66%,72.37%,39.76%,couchbase,931,$500 
932,57.37%,91.01%,72.30%,61.77%,couchbase,932,$500 
933,15.54%,71.46%,83.09%,48.73%,couchbase,933,$500 
934,55.65%,8.68%,51.49%,51.12%,couchbase,934,$500 
935,86.33%,10.34%,79.46%,45.34%,couchbase,935,$500 
936,22.87%,35.48%,81.21%,47.27%,couchbase,936,$500 
937,19.11%,41.51%,91.34%,48.16%,couchbase,937,$500 
938,58.38%,61.49%,28.37%,54.25%,couchbase,938,$500 
939,95.81%,2.67%,70.21%,49.26%,couchbase,939,$500 
940,82.59%,30.40%,22.91%,41.24%,couchbase,940,$500 
941,53.19%,34.81%,89.72%,46.80%,couchbase,941,$500 
942,46.65%,80.10%,47.93%,56.82%,couchbase,942,$500 
943,76.65%,32.59%,50.35%,64.41%,couchbase,943,$500 
944,86.36%,13.98%,54.51%,46.14%,couchbase,944,$500 
945,32.47%,79.47%,34.13%,50.12%,couchbase,945,$500 
946,85.86%,39.36%,84.66%,71.79%,couchbase,946,$500 
947,11.44%,46.39%,70.33%,51.53%,couchbase,947,$500 
948,92.80%,29.45%,84.00%,64.94%,couchbase,948,$500 
949,57.63%,96.13%,30.97%,61.23%,couchbase,949,$500 
950,42.85%,10.03%,7.96%,27.12%,couchbase,950,$500 
951,1.75%,38.26%,29.21%,32.58%,MongoDB,951,$500 
952,61.50%,2.96%,33.82%,29.35%,MongoDB,952,$500 
953,16.11%,9.20%,92.99%,53.39%,MongoDB,953,$500 
954,4.49%,55.64%,84.25%,58.08%,MongoDB,954,$500 
955,81.32%,13.02%,27.45%,42.99%,MongoDB,955,$500 
956,67.22%,24.47%,93.44%,67.12%,MongoDB,956,$500 
957,12.20%,0.92%,95.98%,43.05%,MongoDB,957,$500 
958,86.56%,38.23%,15.23%,36.20%,MongoDB,958,$500 
959,32.70%,5.18%,22.53%,27.09%,MongoDB,959,$500 
960,46.99%,89.06%,99.90%,66.84%,MongoDB,960,$500 
961,88.73%,12.65%,99.14%,56.48%,MongoDB,961,$500 
962,82.66%,32.34%,78.77%,64.35%,MongoDB,962,$500 
963,43.43%,86.17%,22.74%,54.58%,MongoDB,963,$500 
964,50.16%,56.98%,18.33%,45.24%,MongoDB,964,$500 
965,77.77%,79.50%,14.75%,64.41%,MongoDB,965,$500 
966,27.19%,44.70%,34.45%,39.81%,MongoDB,966,$500 
967,87.37%,87.19%,38.72%,57.61%,MongoDB,967,$500 
968,70.61%,33.10%,14.14%,44.68%,MongoDB,968,$500 
969,95.29%,90.06%,71.33%,69.54%,MongoDB,969,$500 
970,37.09%,25.11%,52.71%,42.04%,MongoDB,970,$500 
971,18.64%,2.93%,17.48%,25.74%,MongoDB,971,$500 
972,29.12%,83.40%,77.74%,49.34%,MongoDB,972,$500 
973,19.94%,7.18%,27.65%,21.56%,MongoDB,973,$500 
974,90.01%,18.04%,65.84%,60.47%,MongoDB,974,$500 
975,28.91%,61.55%,0.65%,22.85%,MongoDB,975,$500 
976,36.87%,33.55%,57.64%,51.34%,MongoDB,976,$500 
977,83.77%,69.04%,14.66%,48.89%,MongoDB,977,$500 
978,79.44%,0.54%,72.22%,47.99%,MongoDB,978,$500 
979,13.70%,56.35%,29.84%,45.81%,MongoDB,979,$500 
980,25.38%,46.25%,19.66%,39.50%,MongoDB,980,$500 
981,16.85%,56.91%,45.54%,53.11%,MongoDB,981,$500 
982,88.66%,49.89%,73.75%,59.97%,MongoDB,982,$500 
983,35.83%,19.98%,89.87%,42.45%,MongoDB,983,$500 
984,45.88%,59.52%,46.74%,56.32%,MongoDB,984,$500 
985,43.56%,62.58%,5.71%,43.70%,MongoDB,985,$500 
986,7.05%,79.09%,25.17%,35.99%,MongoDB,986,$500 
987,19.13%,49.96%,9.86%,27.19%,MongoDB,987,$500 
988,50.92%,18.09%,72.81%,41.27%,MongoDB,988,$500 
989,25.80%,32.05%,75.69%,36.56%,MongoDB,989,$500 
990,0.47%,0.74%,12.92%,19.29%,MongoDB,990,$500 
991,63.41%,51.57%,3.75%,37.23%,MongoDB,991,$500 
992,48.93%,84.89%,64.20%,59.62%,MongoDB,992,$500 
993,3.43%,56.18%,63.66%,49.43%,MongoDB,993,$500 
994,5.05%,43.56%,10.68%,25.85%,MongoDB,994,$500 
995,8.08%,16.13%,38.24%,18.01%,MongoDB,995,$500 
996,96.02%,12.49%,1.88%,51.22%,MongoDB,996,$500 
997,93.66%,74.55%,5.09%,54.49%,MongoDB,997,$500 
998,68.95%,2.53%,76.90%,49.12%,MongoDB,998,$500 
999,24.10%,28.97%,44.90%,49.30%,MongoDB,999,$500 
1000,65.72%,64.17%,52.72%,68.49%,MongoDB,1000,$500 
1001,9.67%,90.77%,49.87%,61.48%,MongoDB,1001,$500 
1002,41.44%,75.78%,11.00%,40.90%,MongoDB,1002,$500 
1003,70.97%,69.10%,6.29%,39.71%,MongoDB,1003,$500 
1004,0.85%,89.39%,16.28%,39.49%,MongoDB,1004,$500 
1005,6.88%,52.16%,9.71%,18.00%,MongoDB,1005,$500 
1006,60.01%,70.34%,30.62%,54.12%,MongoDB,1006,$500 
1007,13.31%,59.30%,66.98%,56.88%,MongoDB,1007,$500 
1008,80.22%,83.73%,25.21%,56.92%,MongoDB,1008,$500 
1009,46.45%,71.39%,10.40%,53.16%,MongoDB,1009,$500 
1010,69.85%,20.35%,38.29%,34.56%,MongoDB,1010,$500 
1011,7.83%,36.07%,42.56%,37.11%,MongoDB,1011,$500 
1012,30.12%,80.32%,74.35%,69.88%,MongoDB,1012,$500 
1013,65.45%,97.52%,44.39%,73.83%,MongoDB,1013,$500 
1014,51.82%,46.83%,6.68%,30.09%,MongoDB,1014,$500 
1015,33.84%,30.58%,40.58%,37.60%,MongoDB,1015,$500 
1016,95.34%,60.62%,58.35%,64.53%,MongoDB,1016,$500 
1017,88.07%,42.28%,20.81%,47.53%,MongoDB,1017,$500 
1018,61.28%,48.12%,65.51%,61.51%,MongoDB,1018,$500 
1019,38.48%,48.94%,69.75%,63.63%,MongoDB,1019,$500 
1020,72.22%,87.93%,64.03%,78.33%,MongoDB,1020,$500 
1021,68.59%,94.21%,28.09%,70.32%,MongoDB,1021,$500 
1022,33.14%,27.63%,46.79%,45.07%,MongoDB,1022,$500 
1023,80.80%,74.01%,24.67%,50.61%,MongoDB,1023,$500 
1024,68.93%,49.02%,62.67%,55.35%,MongoDB,1024,$500 
1025,58.03%,76.38%,40.71%,65.55%,MongoDB,1025,$500 
1026,39.78%,68.48%,79.90%,66.56%,MongoDB,1026,$500 
1027,11.86%,92.99%,81.97%,56.99%,MongoDB,1027,$500 
1028,18.73%,52.11%,78.95%,52.65%,MongoDB,1028,$500 
1029,6.11%,23.54%,3.83%,15.67%,MongoDB,1029,$500 
1030,59.78%,64.05%,65.54%,67.33%,MongoDB,1030,$500 
1031,65.43%,90.64%,11.42%,57.50%,MongoDB,1031,$500 
1032,67.86%,89.07%,2.48%,42.09%,MongoDB,1032,$500 
1033,80.83%,34.72%,18.40%,34.58%,MongoDB,1033,$500 
1034,43.70%,26.62%,37.49%,45.50%,MongoDB,1034,$500 
1035,54.11%,80.05%,82.96%,74.22%,MongoDB,1035,$500 
1036,51.35%,89.57%,72.85%,61.16%,MongoDB,1036,$500 
1037,90.07%,78.24%,31.18%,72.49%,MongoDB,1037,$500 
1038,78.68%,74.21%,20.76%,55.47%,MongoDB,1038,$500 
1039,33.72%,22.67%,72.89%,35.30%,MongoDB,1039,$500 
1040,82.75%,20.04%,97.71%,61.04%,MongoDB,1040,$500 
1041,66.54%,14.91%,99.47%,64.22%,MongoDB,1041,$500 
1042,20.90%,75.44%,96.70%,69.10%,MongoDB,1042,$500 
1043,20.84%,23.81%,94.76%,39.53%,MongoDB,1043,$500 
1044,34.29%,71.73%,39.56%,60.59%,MongoDB,1044,$500 
1045,76.70%,85.51%,39.87%,52.91%,MongoDB,1045,$500 
1046,70.58%,90.97%,44.55%,75.94%,MongoDB,1046,$500 
1047,7.96%,98.59%,56.23%,41.92%,couchbase,1047,$500 
1048,13.32%,71.77%,0.18%,34.01%,couchbase,1048,$500 
1049,22.33%,29.59%,54.35%,42.74%,couchbase,1049,$500 
1050,71.99%,33.30%,88.16%,52.25%,couchbase,1050,$500 
1051,17.30%,69.93%,89.31%,65.22%,couchbase,1051,$500 
1052,99.34%,96.29%,62.38%,73.91%,couchbase,1052,$500 
1053,82.66%,32.67%,91.87%,56.30%,couchbase,1053,$500 
1054,64.73%,9.56%,2.60%,38.83%,couchbase,1054,$500 
1055,15.02%,31.20%,32.11%,27.70%,couchbase,1055,$500 
1056,96.51%,34.88%,50.49%,64.47%,couchbase,1056,$500 
1057,37.95%,5.81%,7.10%,30.84%,couchbase,1057,$500 
1058,36.03%,22.02%,48.58%,49.28%,couchbase,1058,$500 
1059,21.45%,79.59%,12.71%,36.64%,couchbase,1059,$500 
1060,63.75%,65.33%,92.49%,56.73%,couchbase,1060,$500 
1061,77.83%,33.29%,72.39%,54.37%,couchbase,1061,$500 
1062,2.35%,87.91%,83.58%,63.56%,couchbase,1062,$500 
1063,80.58%,42.83%,30.50%,43.59%,couchbase,1063,$500 
1064,57.19%,61.85%,13.75%,54.16%,couchbase,1064,$500 
1065,22.84%,78.20%,40.92%,37.80%,couchbase,1065,$500 
1066,89.22%,72.65%,25.75%,63.30%,couchbase,1066,$500 
1067,1.13%,64.95%,40.63%,44.98%,couchbase,1067,$500 
1068,75.20%,66.40%,1.61%,36.34%,couchbase,1068,$500 
1069,70.62%,50.38%,39.83%,57.94%,couchbase,1069,$500 
1070,85.97%,70.82%,79.01%,63.66%,couchbase,1070,$500 
1071,81.98%,47.21%,96.84%,59.23%,couchbase,1071,$500 
1072,84.54%,44.22%,13.28%,44.81%,couchbase,1072,$500 
1073,44.54%,51.61%,97.10%,59.40%,couchbase,1073,$500 
1074,7.44%,3.44%,83.96%,37.88%,couchbase,1074,$500 
1075,78.86%,9.52%,72.98%,50.58%,couchbase,1075,$500 
1076,97.41%,26.91%,4.05%,53.19%,couchbase,1076,$500 
1077,71.54%,56.66%,41.38%,63.06%,couchbase,1077,$500 
1078,59.76%,79.29%,76.55%,56.70%,couchbase,1078,$500 
1079,47.33%,94.49%,71.29%,70.13%,couchbase,1079,$500 
1080,64.79%,89.65%,40.82%,51.36%,couchbase,1080,$500 
1081,94.74%,37.87%,3.44%,47.81%,couchbase,1081,$500 
1082,63.74%,69.02%,56.90%,67.08%,couchbase,1082,$500 
1083,34.16%,72.75%,22.49%,33.65%,couchbase,1083,$500 
1084,61.41%,49.22%,18.54%,53.33%,couchbase,1084,$500 
1085,60.96%,97.27%,23.68%,46.31%,couchbase,1085,$500 
1086,81.74%,42.53%,30.61%,58.73%,couchbase,1086,$500 
1087,70.12%,76.52%,47.16%,50.87%,couchbase,1087,$500 
1088,0.34%,56.22%,22.66%,24.26%,couchbase,1088,$500 
1089,90.82%,18.20%,88.32%,67.97%,couchbase,1089,$500 
1090,59.97%,72.15%,77.89%,57.27%,couchbase,1090,$500 
1091,97.66%,42.18%,57.94%,55.93%,couchbase,1091,$500 
1092,5.17%,99.48%,75.73%,56.43%,couchbase,1092,$500 
1093,5.55%,11.24%,22.81%,13.21%,couchbase,1093,$500 
1094,38.49%,94.02%,2.07%,57.91%,couchbase,1094,$500 
1095,26.18%,82.51%,57.99%,61.46%,couchbase,1095,$500 
1096,71.36%,11.78%,61.26%,47.63%,couchbase,1096,$500 
1097,39.05%,40.58%,85.04%,64.12%,couchbase,1097,$500 
1098,54.43%,75.35%,63.47%,70.41%,couchbase,1098,$500 
1099,16.26%,83.44%,32.63%,47.13%,couchbase,1099,$500 
1100,38.08%,69.50%,0.53%,51.92%,couchbase,1100,$500 
1101,4.79%,57.15%,48.13%,46.51%,couchbase,1101,$500 
1102,6.86%,34.12%,58.66%,35.60%,couchbase,1102,$500 
1103,97.59%,50.66%,83.47%,77.27%,couchbase,1103,$500 
1104,95.92%,3.75%,70.19%,54.01%,couchbase,1104,$500 
1105,26.12%,15.13%,53.86%,33.14%,couchbase,1105,$500 
1106,83.71%,34.78%,12.74%,46.13%,couchbase,1106,$500 
1107,7.85%,61.80%,66.24%,38.90%,couchbase,1107,$500 
1108,5.23%,38.67%,53.84%,30.66%,couchbase,1108,$500 
1109,19.13%,1.24%,77.32%,42.11%,couchbase,1109,$500 
1110,43.16%,43.27%,89.86%,59.86%,couchbase,1110,$500 
1111,34.16%,54.83%,5.68%,26.90%,couchbase,1111,$500 
1112,73.20%,98.54%,51.61%,63.23%,couchbase,1112,$500 
1113,92.16%,84.53%,27.27%,64.15%,couchbase,1113,$500 
1114,59.39%,29.44%,31.33%,50.30%,couchbase,1114,$500 
1115,87.88%,28.20%,80.24%,49.23%,couchbase,1115,$500 
1116,52.94%,19.63%,19.78%,36.46%,couchbase,1116,$500 
1117,22.47%,33.08%,79.06%,39.17%,couchbase,1117,$500 
1118,29.36%,67.04%,38.41%,43.53%,couchbase,1118,$500 
1119,70.82%,26.93%,4.61%,46.74%,couchbase,1119,$500 
1120,47.08%,1.42%,24.51%,42.83%,couchbase,1120,$500 
1121,65.96%,93.41%,7.53%,60.18%,couchbase,1121,$500 
1122,91.90%,77.33%,36.22%,56.68%,couchbase,1122,$500 
1123,23.67%,99.61%,15.17%,48.36%,couchbase,1123,$500 
1124,43.03%,22.56%,44.82%,38.18%,couchbase,1124,$500 
1125,65.56%,24.46%,80.24%,50.57%,couchbase,1125,$500 
1126,39.24%,12.70%,3.85%,36.24%,couchbase,1126,$500 
1127,9.28%,11.66%,89.81%,30.68%,couchbase,1127,$500 
1128,87.32%,8.13%,3.30%,35.78%,couchbase,1128,$500 
1129,28.74%,71.31%,88.00%,49.00%,couchbase,1129,$500 
1130,77.50%,67.76%,32.59%,50.07%,couchbase,1130,$500 
1131,87.61%,63.38%,43.77%,55.76%,couchbase,1131,$500 
1132,17.66%,63.36%,61.92%,53.06%,couchbase,1132,$500 
1133,78.90%,53.30%,28.09%,54.02%,couchbase,1133,$500 
1134,0.81%,6.25%,51.10%,35.31%,couchbase,1134,$500 
1135,9.65%,75.98%,90.25%,59.59%,couchbase,1135,$500 
1136,0.75%,56.17%,36.97%,39.51%,couchbase,1136,$500 
1137,13.47%,83.07%,66.41%,54.93%,couchbase,1137,$500 
1138,38.67%,60.37%,19.71%,32.52%,couchbase,1138,$500 
1139,16.78%,5.87%,75.90%,34.64%,couchbase,1139,$500 
1140,82.00%,96.90%,73.44%,81.87%,couchbase,1140,$500 
1141,55.03%,85.78%,63.79%,69.33%,custodian,1141,$500 
1142,31.55%,91.62%,77.32%,74.23%,dataplatform,1142,$500 
1143,5.28%,0.09%,70.43%,32.58%,dataplatform,1143,$500 
1144,49.48%,92.98%,67.04%,66.15%,dataplatform,1144,$500 
1145,74.19%,15.52%,68.93%,57.02%,dataplatform,1145,$500 
1146,97.11%,12.01%,11.48%,53.08%,dataplatform,1146,$500 
1147,65.68%,79.99%,10.49%,47.39%,dataplatform,1147,$500 
1148,67.59%,35.31%,74.33%,48.39%,dataplatform,1148,$500 
1149,52.19%,32.43%,80.42%,49.86%,dataplatform,1149,$500 
1150,39.25%,96.46%,1.53%,46.92%,dataplatform,1150,$500 
1151,49.44%,10.25%,3.89%,33.73%,dataplatform,1151,$500 
1152,49.20%,38.10%,21.49%,42.44%,dataplatform,1152,$500 
1153,87.09%,86.98%,95.42%,75.37%,dataplatform,1153,$500 
1154,46.15%,57.07%,82.47%,49.41%,dataplatform,1154,$500 
1155,37.50%,53.31%,0.30%,46.28%,dataplatform,1155,$500 
1156,11.06%,17.04%,17.12%,35.33%,dataplatform,1156,$500 
1157,18.23%,16.69%,8.23%,23.01%,dataplatform,1157,$500 
1158,42.49%,3.64%,33.93%,23.92%,dataplatform,1158,$500 
1159,61.64%,67.95%,74.29%,65.30%,dataplatform,1159,$500 
1160,4.99%,83.18%,95.34%,67.23%,dataplatform,1160,$500 
1161,12.39%,25.87%,75.28%,31.65%,dataplatform,1161,$500 
1162,74.90%,27.98%,48.23%,47.41%,dataplatform,1162,$500 
1163,78.31%,12.52%,0.58%,32.19%,dataplatform,1163,$500 
1164,60.61%,2.08%,67.91%,55.22%,dataplatform,1164,$500 
1165,91.82%,40.10%,24.81%,48.59%,dataplatform,1165,$500 
1166,24.53%,6.95%,16.28%,21.40%,datawarehouse,1166,$500 
1167,98.21%,34.75%,56.57%,65.58%,datawarehouse,1167,$500 
1168,55.42%,84.03%,64.31%,74.91%,datawarehouse,1168,$500 
1169,25.04%,87.49%,67.36%,47.28%,datawarehouse,1169,$500 
1170,67.17%,41.72%,28.20%,51.40%,datawarehouse,1170,$500 
1171,48.22%,39.47%,98.30%,59.52%,datawarehouse,1171,$500 
1172,8.19%,69.46%,50.00%,53.75%,datawarehouse,1172,$500 
1173,49.07%,0.41%,43.58%,41.65%,datawarehouse,1173,$500 
1174,96.12%,65.08%,26.97%,70.06%,datawarehouse,1174,$500 
1175,17.32%,89.21%,71.69%,66.03%,datawarehouse,1175,$500 
1176,37.69%,17.39%,9.72%,25.77%,datawarehouse,1176,$500 
1177,19.31%,13.47%,40.45%,30.88%,datawarehouse,1177,$500 
1178,16.40%,45.50%,46.05%,38.87%,datawarehouse,1178,$500 
1179,42.57%,60.30%,8.33%,49.37%,datawarehouse,1179,$500 
1180,44.05%,61.73%,99.64%,58.67%,datawarehouse,1180,$500 
1181,51.08%,54.69%,74.99%,48.74%,datawarehouse,1181,$500 
1182,98.07%,89.15%,90.34%,75.62%,datawarehouse,1182,$500 
1183,95.00%,75.97%,23.64%,71.80%,datawarehouse,1183,$500 
1184,35.04%,18.98%,17.37%,36.38%,datawarehouse,1184,$500 
1185,26.16%,70.50%,88.93%,67.91%,datawarehouse,1185,$500 
1186,56.32%,59.00%,25.30%,57.57%,datawarehouse,1186,$500 
1187,66.21%,82.73%,72.63%,61.80%,datawarehouse,1187,$500 
1188,8.07%,47.11%,48.65%,49.80%,datawarehouse,1188,$500 
1189,50.93%,33.40%,72.41%,58.97%,datawarehouse,1189,$500 
1190,89.00%,30.06%,52.25%,66.86%,datawarehouse,1190,$500 
1191,55.03%,41.49%,27.41%,35.16%,datawarehouse,1191,$500 
1192,32.06%,47.66%,84.85%,56.69%,datawarehouse,1192,$500 
1193,95.11%,8.71%,94.36%,63.19%,datawarehouse,1193,$500 
1194,37.70%,24.52%,10.12%,28.85%,datawarehouse,1194,$500 
1195,34.79%,62.81%,90.34%,49.88%,datawarehouse,1195,$500 
1196,13.63%,66.67%,33.55%,38.34%,dataplatform,1196,$500 
1197,49.06%,13.65%,48.70%,34.99%,dataplatform,1197,$500 
1198,24.29%,22.67%,21.29%,19.72%,dataplatform,1198,$500 
1199,94.28%,36.04%,29.82%,42.65%,dataplatform,1199,$500 
1200,69.83%,68.05%,15.76%,41.54%,dataplatform,1200,$500 
1201,66.01%,53.37%,7.83%,56.31%,dataplatform,1201,$500 
1202,66.82%,53.22%,46.57%,61.06%,dataplatform,1202,$500 
1203,1.95%,53.08%,57.18%,28.64%,dataplatform,1203,$500 
1204,17.01%,69.14%,49.13%,44.82%,dataplatform,1204,$500 
1205,75.22%,84.67%,44.60%,56.79%,dataplatform,1205,$500 
1206,83.51%,56.56%,55.87%,51.27%,dataplatform,1206,$500 
1207,60.47%,86.35%,6.70%,39.57%,dataplatform,1207,$500 
1208,0.77%,66.26%,2.55%,23.50%,dataplatform,1208,$500 
1209,70.31%,87.36%,96.16%,85.83%,dataplatform,1209,$500 
1210,30.16%,47.98%,58.69%,52.23%,dataplatform,1210,$500 
1211,35.61%,57.66%,91.37%,62.71%,dataplatform,1211,$500 
1212,20.66%,16.15%,21.12%,25.95%,elasticsearch,1212,$500 
1213,8.85%,20.39%,5.81%,13.26%,elasticsearch,1213,$500 
1214,49.26%,92.72%,81.44%,58.86%,elasticsearch-2,1214,$500 
1215,46.69%,85.26%,83.30%,72.39%,elasticsearch-2,1215,$500 
1216,71.06%,33.37%,54.82%,58.61%,enforce-test,1216,$500 
1217,54.79%,33.25%,87.90%,58.83%,enforce-test,1217,$500 
1218,71.82%,92.08%,48.11%,71.34%,UI,1218,$500 
1219,18.18%,35.71%,74.89%,41.90%,UI,1219,$500 
1220,10.41%,39.43%,74.03%,38.38%,UI,1220,$500 
1221,40.45%,56.38%,44.87%,37.58%,UI,1221,$500 
1222,71.16%,8.57%,56.44%,35.59%,UI,1222,$500 
1223,85.70%,94.44%,54.24%,63.32%,UI,1223,$500 
1224,93.52%,51.44%,10.40%,39.94%,UI,1224,$500 
1225,25.40%,9.89%,21.17%,33.09%,UI,1225,$500 
1226,24.03%,13.49%,30.12%,37.30%,UI,1226,$500 
1227,44.36%,81.86%,94.72%,78.90%,UI,1227,$500 
1228,76.84%,15.44%,17.52%,46.06%,UI,1228,$500 
1229,5.63%,63.23%,51.96%,34.19%,UI,1229,$500 
1230,87.47%,61.01%,95.77%,69.07%,Compile,1230,$500 
1231,86.65%,60.47%,20.88%,65.19%,Compile,1231,$500 
1232,29.97%,22.57%,43.42%,45.24%,Compile,1232,$500 
1233,91.28%,67.89%,27.53%,55.42%,Compile,1233,$500 
1234,61.68%,25.60%,8.03%,45.18%,Compile,1234,$500 
1235,25.91%,71.30%,54.19%,52.55%,Compile,1235,$500 
1236,30.27%,25.87%,88.06%,36.47%,Compile,1236,$500 
1237,59.89%,13.90%,35.42%,50.74%,Compile,1237,$500 
1238,75.16%,47.26%,27.74%,62.47%,Compile,1238,$500 
1239,99.56%,13.46%,28.20%,45.08%,Compile,1239,$500 
1240,4.69%,42.38%,98.25%,40.76%,messaging,1240,$500 
1241,57.05%,85.53%,92.17%,81.77%,messaging,1241,$500 
1242,47.64%,65.43%,98.12%,68.89%,messaging,1242,$500 
1243,51.70%,51.77%,91.63%,55.11%,messaging,1243,$500 
1244,74.87%,56.45%,80.79%,67.52%,messaging,1244,$500 
1245,16.55%,8.46%,16.49%,11.74%,messaging,1245,$500 
1246,20.79%,13.64%,31.08%,35.04%,messaging,1246,$500 
1247,37.54%,8.74%,80.44%,39.63%,messaging,1247,$500 
1248,36.48%,38.07%,89.65%,62.04%,messaging,1248,$500 
1249,18.59%,61.37%,50.06%,35.79%,messaging,1249,$500 
1250,37.77%,90.22%,72.65%,65.98%,messaging,1250,$500 
1251,27.60%,46.60%,71.80%,41.04%,messaging,1251,$500 
1252,54.47%,17.74%,95.24%,41.88%,messaging,1252,$500 
1253,16.93%,97.77%,5.19%,44.84%,messaging,1253,$500 
1254,23.62%,58.95%,92.04%,47.39%,messaging,1254,$500 
1255,68.07%,67.98%,61.43%,62.21%,messaging,1255,$500 
1256,89.21%,40.38%,42.10%,51.09%,messaging,1256,$500 
1257,40.82%,42.10%,2.26%,29.72%,messaging,1257,$500 
1258,34.95%,55.40%,57.53%,43.96%,messaging,1258,$500 
1259,60.96%,65.07%,66.44%,64.64%,messaging,1259,$500 
1260,28.71%,82.74%,49.12%,58.95%,messaging,1260,$500 
1261,72.35%,59.35%,77.41%,76.29%,messaging,1261,$500 
1262,49.70%,62.13%,71.95%,53.11%,messaging,1262,$500 
1263,90.84%,76.29%,82.58%,69.88%,messaging,1263,$500 
1264,39.53%,44.85%,62.88%,57.37%,messaging,1264,$500 
1265,93.62%,27.82%,67.91%,54.20%,messaging,1265,$500 
1266,35.42%,45.58%,0.52%,23.78%,lambda,1266,$500 
1267,31.25%,75.06%,75.52%,61.44%,lambda,1267,$500 
1268,54.99%,42.54%,92.41%,65.91%,lambda,1268,$500 
1269,51.37%,66.67%,47.01%,49.37%,lambda,1269,$500 
1270,3.62%,87.71%,9.57%,28.12%,lambda,1270,$500 
1271,86.97%,58.12%,59.20%,62.64%,lambda,1271,$500 
1272,57.19%,23.67%,29.96%,47.23%,locust,1272,$500 
1273,15.09%,12.53%,94.89%,39.28%,locust,1273,$500 
1274,8.10%,31.00%,98.46%,40.15%,locust,1274,$500 
1275,74.52%,65.75%,48.64%,49.87%,lambda,1275,$500 
1276,30.20%,24.06%,21.44%,43.55%,lambda,1276,$500 
1277,90.34%,43.21%,5.85%,35.13%,lambda,1277,$500 
1278,95.47%,36.47%,18.54%,45.00%,lambda,1278,$500 
1279,9.76%,12.75%,59.60%,20.89%,lambda,1279,$500 
1280,18.97%,20.13%,29.67%,28.39%,lambda,1280,$500 
1281,30.38%,53.74%,63.66%,47.10%,lambda,1281,$500 
1282,95.75%,7.88%,62.34%,53.65%,lambda,1282,$500 
1283,40.15%,31.40%,5.05%,33.26%,lambda,1283,$500 
1284,85.29%,55.02%,66.74%,66.42%,lambda,1284,$500 
1285,4.80%,61.72%,96.74%,64.51%,lambda,1285,$500 
1286,28.81%,24.50%,45.90%,26.57%,lambda,1286,$500 
1287,70.02%,83.70%,27.34%,52.22%,lambda,1287,$500 
1288,33.63%,90.89%,49.70%,64.25%,lambda,1288,$500 
1289,7.44%,27.75%,89.87%,45.91%,lambda,1289,$500 
1290,2.39%,68.47%,50.01%,37.29%,lambda,1290,$500 
1291,14.14%,80.65%,50.21%,38.93%,lambda,1291,$500 
1292,50.81%,75.58%,98.48%,75.02%,lambda,1292,$500 
1293,3.30%,3.76%,16.16%,23.35%,lambda,1293,$500 
1294,63.25%,64.80%,91.61%,54.95%,lambda,1294,$500 
1295,2.04%,35.06%,59.51%,34.39%,lambda,1295,$500 
1296,45.53%,72.21%,27.66%,57.97%,lambda,1296,$500 
1297,50.54%,28.74%,44.04%,50.95%,lambda,1297,$500 
1298,27.79%,33.06%,4.39%,20.60%,lambda,1298,$500 
1299,24.63%,70.19%,81.14%,59.11%,lambda,1299,$500 
1300,83.58%,96.52%,49.49%,62.17%,lambda,1300,$500 
1301,14.07%,9.34%,29.69%,13.91%,lambda,1301,$500 
1302,11.47%,25.12%,63.13%,34.82%,lambda,1302,$500 
1303,2.52%,25.13%,59.37%,39.44%,lambda,1303,$500 
1304,91.12%,24.53%,26.76%,60.25%,lambda,1304,$500 
1305,14.11%,6.59%,90.08%,45.01%,lambda,1305,$500 
1306,28.82%,32.45%,84.58%,60.81%,lambda,1306,$500 
1307,6.89%,1.06%,47.88%,36.50%,lambda,1307,$500 
1308,67.80%,48.85%,66.94%,61.37%,lambda,1308,$500 
1309,11.86%,13.54%,90.92%,30.99%,lambda,1309,$500 
1310,26.37%,29.84%,63.79%,43.58%,lambda,1310,$500 
1311,48.02%,74.52%,43.76%,42.62%,lambda,1311,$500 
1312,87.80%,84.18%,31.48%,53.09%,lambda,1312,$500 
1313,56.35%,39.19%,6.52%,26.77%,lambda,1313,$500 
1314,73.03%,49.20%,27.39%,58.70%,lambda,1314,$500 
1315,37.80%,24.84%,77.99%,47.70%,lambda,1315,$500 
1316,64.18%,33.98%,42.70%,37.96%,lambda,1316,$500 
1317,25.03%,42.08%,48.43%,53.16%,lambda,1317,$500 
1318,77.39%,77.74%,93.05%,75.60%,lambda,1318,$500 
1319,47.46%,49.13%,75.26%,53.62%,lambda,1319,$500 
1320,18.24%,81.03%,67.08%,42.29%,lambda,1320,$500 
1321,70.49%,33.87%,58.63%,49.77%,lambda,1321,$500 
1322,2.52%,26.59%,97.40%,46.65%,lambda,1322,$500 
1323,11.97%,21.83%,21.07%,26.19%,lambda,1323,$500 
1324,67.88%,3.98%,4.09%,35.44%,lambda,1324,$500 
1325,42.77%,90.34%,12.16%,40.41%,lambda,1325,$500 
1326,28.60%,46.31%,29.95%,49.95%,lambda,1326,$500 
1327,64.47%,35.29%,68.84%,65.18%,lambda,1327,$500 
1328,70.43%,1.27%,68.90%,42.00%,lambda,1328,$500 
1329,4.56%,53.02%,95.73%,46.73%,lambda,1329,$500 
1330,38.12%,48.85%,2.10%,38.22%,lambda,1330,$500 
1331,25.23%,79.03%,4.14%,30.93%,lambda,1331,$500 
1332,52.11%,44.40%,78.93%,47.22%,lambda,1332,$500 
1333,38.11%,14.63%,25.50%,21.18%,lambda,1333,$500 
1334,22.58%,97.93%,64.82%,71.03%,lambda,1334,$500 
1335,3.11%,40.52%,45.94%,22.76%,lambda,1335,$500 
1336,9.23%,91.83%,24.46%,39.02%,lambda,1336,$500 
1337,99.78%,42.23%,84.98%,73.96%,lambda,1337,$500 
1338,47.22%,18.49%,33.45%,49.35%,lambda,1338,$500 
1339,94.42%,61.07%,31.84%,54.45%,lambda,1339,$500 
1340,8.53%,13.26%,94.01%,47.19%,lambda,1340,$500 
1341,26.05%,0.35%,8.35%,30.04%,lambda,1341,$500 
1342,96.05%,57.50%,61.76%,78.77%,lambda,1342,$500 
1343,55.69%,97.98%,67.34%,79.15%,lambda,1343,$500 
1344,45.95%,99.30%,80.84%,67.51%,lambda,1344,$500 
1345,89.12%,55.23%,56.82%,67.26%,lambda,1345,$500 
1346,29.54%,93.82%,71.29%,57.18%,lambda,1346,$500 
1347,63.10%,87.96%,46.62%,53.25%,lambda,1347,$500 
1348,13.63%,41.85%,31.28%,22.23%,lambda,1348,$500 
1349,87.97%,65.19%,89.29%,63.19%,lambda,1349,$500 
1350,19.74%,80.45%,92.89%,62.16%,lambda,1350,$500 
1351,15.13%,1.95%,0.74%,7.98%,lambda,1351,$500 
1352,68.17%,79.30%,83.38%,62.59%,lambda,1352,$500 
1353,43.45%,27.73%,43.09%,47.60%,lambda,1353,$500 
1354,50.96%,91.19%,31.06%,64.64%,lambda,1354,$500 
1355,79.03%,36.65%,65.17%,64.04%,lambda,1355,$500 
1356,43.67%,76.60%,53.58%,63.93%,lambda,1356,$500 
1357,54.48%,55.70%,37.85%,57.93%,lambda,1357,$500 
1358,91.52%,23.97%,5.30%,41.50%,lambda,1358,$500 
1359,61.27%,31.50%,58.02%,48.97%,lambda,1359,$500 
1360,86.45%,47.06%,98.63%,79.48%,lambda,1360,$500 
1361,88.21%,54.14%,29.65%,67.03%,lambda,1361,$500 
1362,95.24%,26.17%,26.69%,44.42%,lambda,1362,$500 
1363,65.32%,60.51%,84.70%,75.99%,lambda,1363,$500 
1364,61.01%,78.94%,95.82%,63.30%,lambda,1364,$500 
1365,10.90%,19.91%,1.42%,8.98%,lambda,1365,$500 
1366,62.06%,71.25%,38.35%,49.43%,lambda,1366,$500 
1367,0.80%,49.19%,10.36%,35.80%,lambda,1367,$500 
1368,29.72%,96.15%,13.83%,39.61%,lambda,1368,$500 
1369,89.27%,94.29%,21.58%,73.38%,lambda,1369,$500 
1370,45.98%,79.86%,35.81%,59.69%,lambda,1370,$500 
1371,15.84%,33.45%,82.19%,35.74%,lambda,1371,$500 
1372,77.98%,10.59%,63.60%,59.71%,lambda,1372,$500 
1373,40.62%,65.01%,38.12%,41.35%,lambda,1373,$500 
1374,39.60%,87.12%,42.53%,56.38%,lambda,1374,$500 
1375,98.38%,74.84%,85.10%,78.19%,lambda,1375,$500 
1376,70.16%,64.74%,3.19%,54.26%,lambda,1376,$500 
1377,8.81%,32.36%,81.92%,41.81%,lambda,1377,$500 
1378,99.49%,12.75%,12.22%,45.06%,lambda,1378,$500 
1379,51.31%,94.43%,10.25%,49.57%,lambda,1379,$500 
1380,82.63%,28.38%,11.95%,31.81%,lambda,1380,$500 
1381,12.07%,62.92%,5.98%,44.83%,lambda,1381,$500 
1382,89.31%,85.27%,63.59%,82.66%,lambda,1382,$500 
1383,87.08%,88.91%,66.15%,82.88%,lambda,1383,$500 
1384,8.11%,80.54%,11.18%,32.71%,lambda,1384,$500 
1385,33.31%,64.15%,70.60%,58.22%,lambda,1385,$500 
1386,84.21%,7.09%,8.52%,25.66%,lambda,1386,$500 
1387,15.94%,44.49%,14.68%,39.04%,lambda,1387,$500 
1388,41.42%,74.34%,94.59%,64.52%,lambda,1388,$500 
1389,0.32%,56.37%,9.69%,30.74%,lambda,1389,$500 
1390,53.98%,93.53%,45.24%,53.47%,lambda,1390,$500 
1391,57.46%,27.23%,25.58%,42.74%,lambda,1391,$500 
1392,84.40%,33.99%,59.89%,51.21%,lambda,1392,$500 
1393,5.08%,0.80%,9.45%,11.37%,lambda,1393,$500 
1394,72.25%,20.95%,58.10%,55.59%,lambda,1394,$500 
1395,57.33%,94.14%,10.28%,63.11%,lambda,1395,$500 
1396,78.05%,75.42%,94.99%,63.67%,lambda,1396,$500 
1397,1.50%,68.68%,37.26%,51.76%,lambda,1397,$500 
1398,76.45%,2.72%,20.57%,34.55%,lambda,1398,$500 
1399,64.55%,92.43%,67.66%,71.11%,lambda,1399,$500 
1400,58.43%,15.87%,77.67%,51.41%,lambda,1400,$500 
1401,55.96%,79.23%,62.35%,71.69%,lambda,1401,$500 
1402,95.51%,5.25%,94.28%,63.94%,lambda,1402,$500 
1403,98.97%,88.38%,90.33%,85.52%,lambda,1403,$500 
1404,65.02%,0.86%,44.24%,51.45%,lambda,1404,$500 
1405,7.49%,61.59%,86.89%,52.28%,lambda,1405,$500 
1406,64.65%,2.69%,99.69%,51.41%,lambda,1406,$500 
1407,25.78%,96.45%,46.57%,42.58%,lambda,1407,$500 
1408,34.97%,31.41%,84.70%,43.45%,lambda,1408,$500 
1409,6.39%,55.39%,7.92%,41.03%,lambda,1409,$500 
1410,69.49%,19.39%,35.75%,39.55%,lambda,1410,$500 
1411,58.89%,96.45%,97.02%,82.01%,lambda,1411,$500 
1412,34.19%,37.41%,39.16%,51.30%,lambda,1412,$500 
1413,1.23%,11.52%,12.67%,25.31%,lambda,1413,$500 
1414,52.68%,22.21%,31.94%,46.04%,lambda,1414,$500 
1415,33.26%,19.24%,91.31%,40.40%,lambda,1415,$500 
1416,34.31%,70.95%,29.52%,40.05%,lambda,1416,$500 
1417,35.79%,53.10%,5.32%,48.34%,lambda,1417,$500 
1418,43.36%,27.50%,5.68%,20.70%,lambda,1418,$500 
1419,93.55%,92.35%,56.57%,70.62%,lambda,1419,$500 
1420,25.19%,39.29%,67.28%,35.07%,lambda,1420,$500 
1421,28.95%,30.47%,73.25%,40.93%,lambda,1421,$500 
1422,79.85%,8.04%,11.90%,27.99%,lambda,1422,$500 
1423,2.94%,68.13%,35.52%,37.77%,lambda,1423,$500 
1424,66.78%,1.14%,54.02%,32.92%,lambda,1424,$500 
1425,46.27%,94.76%,80.01%,63.76%,lambda,1425,$500 
1426,91.55%,13.77%,39.11%,39.43%,lambda,1426,$500 
1427,71.88%,80.43%,57.19%,61.93%,lambda,1427,$500 
1428,49.27%,42.69%,10.15%,48.43%,lambda,1428,$500 
1429,55.25%,94.04%,62.03%,58.23%,lambda,1429,$500 
1430,67.81%,2.93%,36.97%,38.67%,lambda,1430,$500 
1431,16.35%,47.23%,72.00%,37.01%,lambda,1431,$500 
1432,39.68%,70.50%,98.42%,68.42%,lambda,1432,$500 
1433,86.07%,95.31%,11.58%,50.67%,lambda,1433,$500 
1434,92.76%,83.18%,46.55%,61.21%,lambda,1434,$500 
1435,79.39%,65.28%,80.85%,79.77%,lambda,1435,$500 
1436,42.49%,56.13%,24.71%,45.10%,lambda,1436,$500 
1437,43.36%,98.36%,14.13%,53.24%,lambda,1437,$500 
1438,41.61%,7.75%,60.28%,40.59%,lambda,1438,$500 
1439,51.25%,94.89%,46.37%,65.58%,lambda,1439,$500 
1440,51.71%,26.19%,12.12%,34.94%,lambda,1440,$500 
1441,63.99%,63.54%,4.95%,42.12%,lambda,1441,$500 
1442,27.55%,2.72%,81.58%,28.91%,lambda,1442,$500 
1443,60.68%,12.20%,4.70%,36.56%,lambda,1443,$500 
1444,7.76%,58.60%,84.44%,44.34%,lambda,1444,$500 
1445,72.25%,34.27%,24.38%,38.36%,lambda,1445,$500 
1446,79.75%,28.86%,9.03%,50.99%,lambda,1446,$500 
1447,91.66%,91.36%,88.95%,82.51%,lambda,1447,$500 
1448,26.83%,26.84%,95.39%,43.74%,lambda,1448,$500 
1449,73.69%,14.13%,82.41%,43.72%,lambda,1449,$500 
1450,15.15%,41.54%,62.96%,51.05%,lambda,1450,$500 
1451,76.15%,2.96%,16.09%,35.40%,lambda,1451,$500 
1452,37.49%,28.75%,18.33%,34.75%,lambda,1452,$500 
1453,55.95%,48.86%,84.89%,56.56%,lambda,1453,$500 
1454,66.79%,16.08%,98.54%,49.97%,lambda,1454,$500 
1455,79.12%,20.46%,23.99%,31.43%,lambda,1455,$500 
1456,4.59%,84.17%,25.20%,48.95%,lambda,1456,$500 
1457,48.59%,79.32%,38.54%,65.41%,lambda,1457,$500 
1458,36.49%,86.14%,2.57%,55.38%,lambda,1458,$500 
1459,86.70%,29.01%,32.57%,39.95%,lambda,1459,$500 
1460,68.43%,77.98%,40.76%,70.31%,mobile,1460,$500 
1461,92.77%,84.69%,10.04%,47.66%,mobile,1461,$500 
1462,32.90%,54.12%,67.28%,41.87%,mobile,1462,$500 
1463,49.03%,40.53%,84.36%,63.95%,mobile,1463,$500 
1464,49.08%,5.42%,93.47%,45.82%,mobile,1464,$500 
1465,46.83%,42.87%,28.90%,46.04%,mobile,1465,$500 
1466,58.40%,59.94%,88.91%,63.39%,mobile,1466,$500 
1467,66.73%,13.69%,74.27%,42.59%,mobile,1467,$500 
1468,57.29%,30.05%,55.55%,55.39%,mobile,1468,$500 
1469,30.69%,23.78%,91.09%,56.07%,mobile,1469,$500 
1470,50.57%,37.70%,78.17%,61.83%,mobile,1470,$500 
1471,37.65%,38.21%,50.03%,50.54%,mobile,1471,$500 
1472,13.82%,10.52%,62.34%,46.29%,mobile,1472,$500 
1473,43.85%,41.56%,79.85%,65.24%,mobile,1473,$500 
1474,10.36%,76.91%,46.66%,39.40%,mobile,1474,$500 
1475,20.57%,34.98%,5.81%,40.31%,mobile,1475,$500 
1476,64.78%,53.80%,94.01%,71.81%,mobile,1476,$500 
1477,49.35%,18.05%,69.40%,53.04%,mobile,1477,$500 
1478,73.74%,68.37%,27.44%,55.00%,mobile,1478,$500 
1479,1.52%,63.62%,34.90%,42.53%,mobile,1479,$500 
1480,50.88%,39.62%,47.65%,41.98%,mobile,1480,$500 
1481,57.26%,71.60%,3.58%,56.54%,mobile,1481,$500 
1482,41.83%,41.53%,28.73%,35.74%,mobile,1482,$500 
1483,17.04%,55.56%,67.07%,43.36%,mobile,1483,$500 
1484,78.56%,2.38%,84.79%,46.42%,mobile,1484,$500 
1485,59.25%,88.62%,65.62%,65.29%,mobile,1485,$500 
1486,3.78%,5.87%,56.57%,26.02%,mobile,1486,$500 
1487,39.80%,48.82%,21.54%,37.21%,mobile,1487,$500 
1488,7.22%,30.00%,88.07%,35.76%,mongoDB,1488,$500 
1489,65.51%,1.11%,57.84%,53.92%,mongoDB,1489,$500 
1490,80.92%,82.64%,66.25%,69.85%,mongoDB,1490,$500 
1491,26.04%,92.64%,57.78%,63.33%,mongoDB,1491,$500 
1492,14.17%,26.44%,37.08%,24.01%,mongoDB,1492,$500 
1493,31.86%,67.30%,36.87%,54.14%,mongoDB,1493,$500 
1494,18.28%,65.11%,44.20%,56.80%,mongoDB,1494,$500 
1495,56.17%,2.41%,90.71%,39.22%,mongoDB,1495,$500 
1496,59.24%,45.52%,34.60%,52.50%,mysql,1496,$500 
1497,45.37%,26.38%,9.69%,42.62%,mysql,1497,$500 
1498,52.11%,58.18%,69.03%,46.91%,mysql,1498,$500 
1499,43.02%,55.86%,18.69%,53.14%,mysql,1499,$500 
1500,77.25%,85.44%,71.43%,66.88%,mysql,1500,$500 
1501,88.50%,23.77%,39.74%,52.94%,mysql,1501,$500 
1502,9.37%,1.17%,48.05%,31.10%,mysql,1502,$500 
1503,1.89%,55.91%,46.33%,26.12%,mysql,1503,$500 
1504,29.73%,46.83%,57.02%,36.03%,mysql,1504,$500 
1505,74.22%,55.04%,69.87%,60.15%,mysql,1505,$500 
1506,75.01%,72.16%,75.96%,73.07%,mysql,1506,$500 
1507,54.90%,0.07%,70.95%,38.48%,mysql,1507,$500 
1508,20.58%,65.75%,74.67%,40.74%,mysql,1508,$500 
1509,58.44%,95.01%,70.48%,65.62%,mysql,1509,$500 
1510,25.39%,38.10%,7.12%,37.58%,mysql,1510,$500 
1511,72.86%,24.73%,9.83%,30.78%,mysql,1511,$500 
1512,55.10%,18.03%,89.08%,55.19%,mysql,1512,$500 
1513,47.00%,92.36%,46.89%,60.49%,mysql,1513,$500 
1514,78.81%,19.56%,0.47%,30.25%,mysql,1514,$500 
1515,77.05%,21.12%,59.43%,48.41%,mysql,1515,$500 
1516,99.09%,33.16%,88.82%,74.99%,mysql,1516,$500 
1517,55.74%,75.12%,86.88%,73.46%,mysql,1517,$500 
1518,56.72%,80.28%,64.81%,68.82%,mysql,1518,$500 
1519,9.83%,10.78%,48.12%,37.85%,mysql,1519,$500 
1520,47.69%,28.22%,85.83%,63.59%,mysql,1520,$500 
1521,38.09%,36.88%,62.03%,38.13%,mysql,1521,$500 
1522,35.80%,75.06%,65.99%,68.91%,mysql,1522,$500 
1523,84.53%,51.31%,13.72%,47.63%,mysql,1523,$500 
1524,84.99%,60.70%,32.17%,61.15%,cache,1524,$500 
1525,12.70%,77.28%,90.13%,52.65%,cache,1525,$500 
1526,63.93%,16.50%,33.94%,46.10%,cache,1526,$500 
1527,0.07%,50.03%,34.90%,44.19%,cache,1527,$500 
1528,99.52%,18.69%,22.30%,43.01%,cache,1528,$500 
1529,13.11%,63.85%,17.00%,36.03%,cache,1529,$500 
1530,33.86%,30.17%,87.69%,51.08%,cache,1530,$500 
1531,24.58%,50.28%,78.75%,44.02%,cache,1531,$500 
1532,82.16%,46.51%,70.98%,68.18%,cache,1532,$500 
1533,97.24%,83.66%,46.35%,69.23%,cache,1533,$500 
1534,46.17%,84.40%,30.38%,45.71%,cache,1534,$500 
1535,81.51%,27.79%,53.36%,57.50%,cache,1535,$500 
1536,63.26%,15.06%,84.51%,64.55%,cache,1536,$500 
1537,69.99%,1.20%,46.21%,49.14%,cache,1537,$500 
1538,52.73%,25.57%,7.58%,33.66%,cache,1538,$500 
1539,96.73%,85.85%,32.79%,74.38%,cache,1539,$500 
1540,88.49%,1.96%,98.49%,62.47%,cache,1540,$500 
1541,92.36%,91.90%,70.80%,72.00%,cache,1541,$500 
1542,34.28%,87.60%,53.59%,59.01%,cache,1542,$500 
1543,85.48%,74.65%,26.47%,67.73%,cache,1543,$500 
1544,4.24%,85.36%,26.15%,48.74%,cache,1544,$500 
1545,45.95%,15.99%,49.71%,31.51%,cache,1545,$500 
1546,17.91%,35.73%,94.66%,51.44%,cache,1546,$500 
1547,76.85%,20.69%,56.78%,39.41%,cache,1547,$500 
1548,55.69%,62.14%,70.15%,70.80%,cache,1548,$500 
1549,86.97%,16.07%,92.10%,56.05%,cache,1549,$500 
1550,44.02%,55.15%,16.41%,31.95%,cache,1550,$500 
1551,88.76%,34.47%,1.82%,53.31%,cache,1551,$500 
1552,80.60%,93.13%,72.44%,72.11%,cache,1552,$500 
1553,25.92%,65.73%,85.90%,45.00%,cache,1553,$500 
1554,47.56%,38.62%,12.79%,37.51%,cache,1554,$500 
1555,58.53%,16.03%,35.78%,35.86%,cache,1555,$500 
1556,3.59%,62.25%,89.13%,38.81%,cache,1556,$500 
1557,80.44%,19.07%,3.84%,31.03%,cache,1557,$500 
1558,39.05%,73.62%,60.94%,52.13%,cache,1558,$500 
1559,23.17%,18.10%,20.91%,19.08%,cache,1559,$500 
1560,97.62%,55.19%,26.97%,57.54%,cache,1560,$500 
1561,22.59%,26.50%,80.18%,46.92%,cache,1561,$500 
1562,15.64%,4.09%,56.31%,38.02%,cache,1562,$500 
1563,7.08%,79.42%,87.88%,52.88%,cache,1563,$500 
1564,56.66%,10.72%,12.34%,33.81%,cache,1564,$500 
1565,59.24%,44.22%,81.11%,69.26%,cache,1565,$500 
1566,97.19%,31.77%,27.04%,60.63%,cache,1566,$500 
1567,95.90%,76.86%,1.79%,53.68%,cache,1567,$500 
1568,11.38%,25.54%,17.79%,26.59%,cache,1568,$500 
1569,66.12%,82.47%,12.64%,47.56%,cache,1569,$500 
1570,16.75%,71.74%,61.14%,53.49%,cache,1570,$500 
1571,9.44%,10.41%,37.39%,35.03%,cache,1571,$500 
1572,23.86%,96.04%,50.98%,44.96%,cache,1572,$500 
1573,2.77%,64.05%,87.93%,63.52%,cache,1573,$500 
1574,48.95%,68.83%,14.30%,45.47%,microservices,1574,$500 
1575,29.21%,64.87%,53.58%,61.08%,microservices,1575,$500 
1576,71.50%,34.98%,58.50%,56.95%,microservices,1576,$500 
1577,53.52%,77.63%,28.67%,64.16%,microservices,1577,$500 
1578,17.54%,61.92%,41.74%,38.67%,microservices,1578,$500 
1579,69.47%,34.53%,77.49%,52.74%,microservices,1579,$500 
1580,56.36%,7.40%,56.45%,39.23%,microservices,1580,$500 
1581,18.19%,26.42%,52.42%,30.25%,microservices,1581,$500 
1582,82.63%,98.03%,14.31%,57.52%,microservices,1582,$500 
1583,96.78%,38.99%,37.14%,50.04%,microservices,1583,$500 
1584,8.02%,66.62%,69.88%,53.93%,microservices,1584,$500 
1585,47.46%,18.32%,95.93%,42.91%,microservices,1585,$500 
1586,77.44%,42.66%,23.72%,39.30%,microservices,1586,$500 
1587,6.45%,55.92%,98.84%,54.08%,microservices,1587,$500 
1588,79.54%,96.03%,83.41%,66.20%,microservices,1588,$500 
1589,31.79%,4.42%,86.88%,33.58%,microservices,1589,$500 
1590,75.75%,27.04%,92.09%,61.01%,microservices,1590,$500 
1591,13.32%,60.15%,85.00%,45.03%,microservices,1591,$500 
1592,70.78%,55.77%,95.07%,75.77%,microservices,1592,$500 
1593,80.71%,26.71%,11.41%,39.83%,microservices,1593,$500 
1594,43.00%,51.92%,27.10%,51.04%,microservices,1594,$500 
1595,39.82%,13.16%,36.84%,31.53%,microservices,1595,$500 
1596,55.06%,84.75%,92.82%,64.73%,microservices,1596,$500 
1597,34.63%,60.72%,70.07%,45.14%,microservices,1597,$500 
1598,57.66%,70.27%,84.31%,66.87%,microservices,1598,$500 
1599,89.12%,39.12%,85.93%,71.65%,microservices,1599,$500 
1600,18.87%,22.99%,71.82%,48.37%,microservices,1600,$500 
1601,48.95%,88.88%,53.14%,52.65%,microservices,1601,$500 
1602,83.99%,60.21%,90.19%,61.93%,microservices,1602,$500 
1603,94.98%,85.44%,55.33%,72.58%,microservices,1603,$500 
1604,6.64%,97.82%,62.41%,56.49%,microservices,1604,$500 
1605,73.18%,4.71%,3.79%,38.19%,microservices,1605,$500 
1606,71.82%,20.71%,28.37%,45.34%,microservices,1606,$500 
1607,51.65%,98.75%,64.17%,70.20%,microservices,1607,$500 
1608,26.71%,1.03%,89.03%,41.88%,microservices,1608,$500 
1609,94.00%,99.08%,63.83%,69.79%,microservices,1609,$500 
1610,31.54%,75.08%,19.50%,31.96%,microservices,1610,$500 
1611,92.16%,70.26%,15.73%,56.03%,microservices,1611,$500 
1612,9.65%,21.52%,78.29%,34.02%,microservices,1612,$500 
1613,2.92%,34.86%,27.37%,19.08%,microservices,1613,$500 
1614,95.51%,21.66%,24.19%,57.38%,microservices,1614,$500 
1615,67.15%,34.40%,7.12%,48.73%,microservices,1615,$500 
1616,77.87%,57.84%,36.47%,43.76%,microservices,1616,$500 
1617,52.61%,24.19%,45.88%,31.60%,microservices,1617,$500 
1618,37.52%,29.15%,42.99%,31.58%,microservices,1618,$500 
1619,49.08%,61.45%,21.03%,37.23%,microservices,1619,$500 
1620,48.61%,70.24%,15.23%,35.73%,microservices,1620,$500 
1621,39.12%,67.60%,67.12%,47.90%,microservices,1621,$500 
1622,9.65%,68.97%,71.38%,59.84%,microservices,1622,$500 
1623,76.01%,30.62%,30.64%,47.35%,microservices,1623,$500 
1624,57.22%,37.90%,65.21%,41.39%,microservices,1624,$500 
1625,70.72%,14.37%,31.70%,37.05%,microservices,1625,$500 
1626,95.04%,93.68%,76.33%,72.00%,microservices,1626,$500 
1627,74.58%,29.01%,77.05%,47.90%,microservices,1627,$500 
1628,88.99%,38.11%,17.69%,38.14%,microservices,1628,$500 
1629,52.89%,42.44%,60.25%,56.29%,microservices,1629,$500 
1630,17.77%,36.01%,5.99%,34.27%,microservices,1630,$500 
1631,49.41%,77.49%,19.89%,57.97%,microservices,1631,$500 
1632,28.23%,8.07%,77.15%,40.55%,microservices,1632,$500 
1633,14.63%,70.82%,52.37%,45.35%,microservices,1633,$500 
1634,75.93%,15.87%,40.18%,51.62%,microservices,1634,$500 
1635,17.59%,15.70%,55.64%,45.45%,microservices,1635,$500 
1636,93.08%,29.45%,51.80%,46.43%,microservices,1636,$500 
1637,76.62%,2.67%,76.29%,39.97%,microservices,1637,$500 
1638,52.13%,0.21%,35.88%,25.74%,microservices,1638,$500 
1639,91.06%,20.30%,26.31%,47.05%,microservices,1639,$500 
1640,94.51%,3.38%,79.66%,45.12%,microservices,1640,$500 
1641,29.30%,48.97%,40.31%,40.71%,microservices,1641,$500 
1642,65.46%,49.97%,51.92%,57.66%,microservices,1642,$500 
1643,72.47%,82.49%,46.01%,59.65%,microservices,1643,$500 
1644,22.65%,85.99%,18.17%,51.22%,microservices,1644,$500 
1645,51.49%,69.24%,35.55%,43.99%,microservices,1645,$500 
1646,1.08%,94.87%,4.71%,42.97%,microservices,1646,$500 
1647,56.57%,0.05%,73.42%,41.41%,microservices,1647,$500 
1648,14.25%,2.80%,99.76%,52.45%,microservices,1648,$500 
1649,1.79%,53.55%,24.50%,27.85%,microservices,1649,$500 
1650,77.18%,53.81%,13.61%,47.88%,microservices,1650,$500 
1651,82.20%,80.77%,1.32%,41.25%,microservices,1651,$500 
1652,77.28%,64.97%,10.27%,47.59%,microservices,1652,$500 
1653,20.82%,89.64%,84.37%,59.61%,microservices,1653,$500 
1654,85.77%,21.59%,33.53%,57.82%,microservices,1654,$500 
1655,32.40%,4.65%,56.44%,43.78%,microservices,1655,$500 
1656,81.52%,96.73%,18.68%,72.19%,microservices,1656,$500 
1657,74.03%,48.30%,13.64%,52.59%,microservices,1657,$500 
1658,93.86%,23.90%,39.49%,60.40%,microservices,1658,$500 
1659,48.06%,31.22%,41.25%,43.87%,microservices,1659,$500 
1660,31.62%,86.03%,81.76%,56.99%,microservices,1660,$500 
1661,89.79%,66.31%,89.68%,85.68%,microservices,1661,$500 
1662,93.58%,76.42%,51.44%,62.69%,microservices,1662,$500 
1663,49.65%,72.37%,52.13%,47.90%,microservices,1663,$500 
1664,65.72%,35.72%,26.28%,47.16%,microservices,1664,$500 
1665,33.32%,49.10%,32.56%,44.75%,microservices,1665,$500 
1666,68.36%,92.99%,15.88%,65.81%,microservices,1666,$500 
1667,27.30%,68.33%,33.20%,50.17%,microservices,1667,$500 
1668,56.51%,49.72%,47.29%,48.43%,microservices,1668,$500 
1669,3.54%,33.13%,18.37%,23.94%,microservices,1669,$500 
1670,13.04%,75.18%,64.12%,38.29%,microservices,1670,$500 
1671,62.38%,96.17%,68.34%,75.50%,microservices,1671,$500 
1672,49.64%,13.24%,40.48%,31.98%,microservices,1672,$500 
1673,29.17%,88.82%,53.58%,67.37%,microservices,1673,$500 
1674,22.75%,80.62%,32.48%,43.48%,microservices,1674,$500 
1675,23.49%,4.17%,83.93%,36.37%,microservices,1675,$500 
1676,33.90%,72.34%,63.30%,43.78%,microservices,1676,$500 
1677,57.39%,94.97%,9.49%,58.26%,microservices,1677,$500 
1678,29.23%,92.93%,12.39%,39.19%,microservices,1678,$500 
1679,78.11%,40.49%,34.17%,50.43%,microservices,1679,$500 
1680,78.80%,78.01%,23.65%,66.66%,microservices,1680,$500 
1681,53.13%,34.83%,54.35%,44.38%,microservices,1681,$500 
1682,10.79%,13.90%,60.78%,22.50%,microservices,1682,$500 
1683,49.42%,26.32%,88.80%,50.89%,microservices,1683,$500 
1684,62.19%,99.02%,28.46%,60.02%,microservices,1684,$500 
1685,18.63%,55.49%,34.98%,48.92%,microservices,1685,$500 
1686,10.47%,29.25%,11.72%,28.12%,microservices,1686,$500 
1687,27.51%,2.65%,79.31%,27.44%,microservices,1687,$500 
1688,29.67%,37.46%,8.82%,27.28%,microservices,1688,$500 
1689,69.23%,72.53%,6.39%,48.21%,microservices,1689,$500 
1690,56.78%,12.93%,24.16%,35.20%,microservices,1690,$500 
1691,97.54%,67.02%,34.87%,51.72%,microservices,1691,$500 
1692,47.23%,72.86%,79.86%,50.71%,microservices,1692,$500 
1693,23.92%,37.43%,58.34%,48.39%,microservices,1693,$500 
1694,94.39%,8.14%,13.94%,35.10%,microservices,1694,$500 
1695,99.85%,6.33%,1.64%,44.71%,microservices,1695,$500 
1696,95.88%,62.83%,22.14%,62.64%,microservices,1696,$500 
1697,51.40%,14.41%,6.50%,23.15%,microservices,1697,$500 
1698,41.13%,67.01%,56.84%,56.56%,microservices,1698,$500 
1699,22.97%,44.19%,6.40%,39.38%,microservices,1699,$500 
1700,58.00%,53.33%,46.56%,58.16%,microservices,1700,$500 
1701,57.72%,90.03%,85.70%,69.15%,microservices,1701,$500 
1702,96.02%,41.06%,31.23%,47.46%,microservices,1702,$500 
1703,51.54%,76.33%,32.10%,56.13%,microservices,1703,$500 
1704,10.01%,32.52%,91.49%,37.90%,microservices,1704,$500 
1705,32.09%,89.86%,87.51%,59.84%,microservices,1705,$500 
1706,22.97%,71.48%,0.99%,39.84%,microservices,1706,$500 
1707,7.78%,72.13%,15.83%,25.61%,microservices,1707,$500 
1708,79.70%,22.95%,81.42%,49.31%,microservices,1708,$500 
1709,67.11%,18.39%,80.56%,54.64%,microservices,1709,$500 
1710,13.04%,56.92%,49.57%,31.66%,microservices,1710,$500 
1711,66.65%,46.88%,5.72%,32.02%,microservices,1711,$500 
1712,65.91%,85.27%,74.60%,60.50%,microservices,1712,$500 
1713,30.03%,79.47%,59.59%,54.06%,microservices,1713,$500 
1714,27.67%,75.34%,46.28%,61.58%,microservices,1714,$500 
